geneFamily	cluster	statistic	p.value	estimate	null.value	alternative	method	nObs	q.valueBH
s1c1_gene1	1	576221.5244533981	0.766573311563007	-0.024439351888347196	0	two.sided	spearman	150	0.8992062305724423
s1c1_gene10	1	494454.9577930057	0.14045244495039771	0.12092989414106277	0	two.sided	spearman	150	0.2442651216528656
s1c1_gene11	1	548429.7619854516	0.7616514113329484	0.02497042182238941	0	two.sided	spearman	150	0.8960604839211158
s1c1_gene12	1	572635.8215914974	0.8263299344381345	-0.01806448569535956	0	two.sided	spearman	150	0.9036001681155719
s1c1_gene13	1	620992.0745268853	0.2051749551136685	-0.10403497849128472	0	two.sided	spearman	150	0.3377365516274379
s1c1_gene14	1	544116.6573983066	0.6917361477627408	0.03263850411430427	0	two.sided	spearman	150	0.8556349676928484
s1c1_gene15	1	557059.3915440291	0.9069101025127212	0.009628176285116462	0	two.sided	spearman	150	0.9422442623508791
s1c1_gene2	1	470561.29328526213	0.04571043799014242	0.16340940791099662	0	two.sided	spearman	150	0.08572096523200068
s1c1_gene3	1	528198.1889220403	0.4588172781379585	0.060939261439103436	0	two.sided	spearman	150	0.6439540745795908
s1c1_gene4	1	553200.0579390898	0.8412626140195708	0.016489518753562613	0	two.sided	spearman	150	0.9119377929751444
s1c1_gene5	1	508865.0367982723	0.24597032902597762	0.09531083728472867	0	two.sided	spearman	150	0.4032300475835699
s1c1_gene6	1	513646.7340328705	0.2908319516241471	0.08680966437109111	0	two.sided	spearman	150	0.45442492441272986
s1c1_gene7	1	572952.7772021837	0.8210019979195045	-0.01862798738109901	0	two.sided	spearman	150	0.9036001681155719
s1c1_gene8	1	564011.8926733996	0.9735272692485811	-0.002732375080491998	0	two.sided	spearman	150	0.978419366078976
s1c1_gene9	1	636905.9824907678	0.106478624974027	-0.13232762787815958	0	two.sided	spearman	150	0.19014040173933394
s2c1_gene1	1	145765.02168281653	2.307044163278336e-27	0.7408506659268118	0	two.sided	spearman	150	2.0061253593724658e-26
s2c1_gene10	1	172802.01935121513	9.117159605291284e-23	0.6927827559425483	0	two.sided	spearman	150	6.512256860922346e-22
s2c1_gene11	1	161372.23518887663	1.3547025167065422e-24	0.7131032753653467	0	two.sided	spearman	150	1.1058796054747284e-23
s2c1_gene12	1	174306.988437927	1.5464664372055499e-22	0.6901071364275265	0	two.sided	spearman	150	1.0665285773831378e-21
s2c1_gene13	1	167197.14963130924	1.2099626666795481e-23	0.7027474116515237	0	two.sided	spearman	150	9.489903268074887e-23
s2c1_gene14	1	171487.4516565342	5.719491906117628e-23	0.6951198690492303	0	two.sided	spearman	150	4.236660671198243e-22
s2c1_gene15	1	171454.38794175035	5.652482228942995e-23	0.6951786515991816	0	two.sided	spearman	150	4.236660671198243e-22
s2c1_gene2	1	171192.1584796718	5.147574049205282e-23	0.6956448580298292	0	two.sided	spearman	150	3.959672345542525e-22
s2c1_gene3	1	174078.96281872824	1.4280074354748406e-22	0.690512533323742	0	two.sided	spearman	150	1.0021104810349757e-21
s2c1_gene4	1	179330.39282887604	8.662889349491972e-22	0.6811762428039005	0	two.sided	spearman	150	5.095817264407043e-21
s2c1_gene5	1	165522.30145829424	6.509992623403061e-24	0.705725051854226	0	two.sided	spearman	150	5.207994098722449e-23
s2c1_gene6	1	172431.4777200171	7.997878601407799e-23	0.6934415258988984	0	two.sided	spearman	150	5.816638982842035e-22
s2c1_gene7	1	177988.46205989123	5.500081184195345e-22	0.6835620035381283	0	two.sided	spearman	150	3.437550740122091e-21
s2c1_gene8	1	155042.2439999186	1.1210271808175492e-25	0.7243570932042871	0	two.sided	spearman	150	9.341893173479577e-25
s2c1_gene9	1	148328.02964261067	6.944067495227116e-27	0.7362940048133505	0	two.sided	spearman	150	5.909844676789036e-26
s2c2_gene1	1	945505.5943615246	9.002002058034335e-22	-0.6809735443557929	0	two.sided	spearman	150	5.2185519177010636e-21
s2c2_gene10	1	944585.5109880576	1.2258235929730636e-21	-0.6793377678795637	0	two.sided	spearman	150	6.8101310720725755e-21
s2c2_gene11	1	948032.118222247	3.816088477873523e-22	-0.6854653419658597	0	two.sided	spearman	150	2.4619925663700146e-21
s2c2_gene12	1	944453.2561289222	1.2812413596561106e-21	-0.6791026376797586	0	two.sided	spearman	150	7.020500600855401e-21
s2c2_gene13	1	945852.1933027067	8.009426045438678e-22	-0.6815897476380403	0	two.sided	spearman	150	4.781746892799211e-21
s2c2_gene14	1	946605.8179741587	6.20655319594667e-22	-0.6829295843800323	0	two.sided	spearman	150	3.819417351351797e-21
s2c2_gene15	1	946299.1235163364	6.886409261668664e-22	-0.6823843255546226	0	two.sided	spearman	150	4.173581370708281e-21
s2c2_gene2	1	948866.6919885144	2.8643235235431964e-22	-0.6869490946060083	0	two.sided	spearman	150	1.8782449334709485e-21
s2c2_gene3	1	943347.3318758082	1.851449026061433e-21	-0.6771364627331139	0	two.sided	spearman	150	1.0007832573305043e-20
s2c2_gene4	1	944781.6130205686	1.1479466778469236e-21	-0.6796864092103089	0	two.sided	spearman	150	6.4673052273066115e-21
s2c2_gene5	1	945290.1101513817	9.678783907822443e-22	-0.6805904442888693	0	two.sided	spearman	150	5.530733661612825e-21
s2c2_gene6	1	949378.6095036158	2.4000924760180654e-22	-0.6878592106380119	0	two.sided	spearman	150	1.6000616506787103e-21
s2c2_gene7	1	941056.8145309564	3.933165459099604e-21	-0.6730642509106298	0	two.sided	spearman	150	2.097688244853122e-20
s2c2_gene8	1	949500.603209887	2.300836982717918e-22	-0.6880760979774873	0	two.sided	spearman	150	1.5598894798087579e-21
s2c2_gene9	1	947981.9525860231	3.882256696125096e-22	-0.6853761546486924	0	two.sided	spearman	150	2.4649248864286325e-21
s3c1_gene1	1	111699.13430261561	7.483164806931208e-35	0.8014149352369161	0	two.sided	spearman	150	2.1380470876946308e-33
s3c1_gene10	1	110043.66830723255	2.78688272285174e-35	0.80435811670344	0	two.sided	spearman	150	1.2386145434896621e-33
s3c1_gene11	1	101428.8604139028	1.227080922252864e-37	0.8196740114424591	0	two.sided	spearman	150	2.6219215908315213e-35
s3c1_gene12	1	101529.19168635033	1.3109607954157608e-37	0.8194956368081242	0	two.sided	spearman	150	2.6219215908315213e-35
s3c1_gene13	1	115924.44902636892	8.65090987665772e-34	0.7939029307500441	0	two.sided	spearman	150	1.281616278023366e-32
s3c1_gene14	1	115420.5124079396	6.495573718321979e-34	0.7947988578906803	0	two.sided	spearman	150	1.0392917949315167e-32
s3c1_gene15	1	105788.71025298345	2.0336927145429952e-36	0.8119228227868199	0	two.sided	spearman	150	1.767993957182046e-34
s3c1_gene2	1	105920.96511211873	2.2099924464775574e-36	0.811687692587015	0	two.sided	spearman	150	1.767993957182046e-34
s3c1_gene3	1	104582.45472742186	9.475915266922124e-37	0.8140673723677997	0	two.sided	spearman	150	1.2634553689229499e-34
s3c1_gene4	1	112198.51040866098	1.0047846801511095e-34	0.8005271160342042	0	two.sided	spearman	150	2.679425813736292e-33
s3c1_gene5	1	111206.59896514629	5.587461247587223e-35	0.8022905925327414	0	two.sided	spearman	150	1.8624870825290742e-33
s3c1_gene6	1	120578.45191421593	1.1427390982240919e-32	0.7856287800982872	0	two.sided	spearman	150	1.523652130965456e-31
s3c1_gene7	1	107236.67293489563	5.021595666720317e-36	0.809348552495852	0	two.sided	spearman	150	3.3477304444802116e-34
s3c1_gene8	1	116257.36643039911	1.0445669059012012e-33	0.7933110512815696	0	two.sided	spearman	150	1.4922384370017162e-32
s3c1_gene9	1	112798.21778715373	1.428645871065556e-34	0.7994609221971577	0	two.sided	spearman	150	3.174768602367902e-33
s3c2_gene1	1	757186.0762338331	1.430404790992749e-5	-0.34616840967835566	0	two.sided	spearman	150	3.3265227697505796e-5
s3c2_gene10	1	757382.178266344	1.4003688716342838e-5	-0.34651705100910096	0	two.sided	spearman	150	3.2757166587936464e-5
s3c2_gene11	1	760891.4925458132	9.537769976329407e-6	-0.3527561092418564	0	two.sided	spearman	150	2.28449580271363e-5
s3c2_gene12	1	750276.8999721102	2.973388143314159e-5	-0.33388488372302816	0	two.sided	spearman	150	6.644442778355663e-5
s3c2_gene13	1	757896.3760376372	1.3244141282046794e-5	-0.34743122101006674	0	two.sided	spearman	150	3.116268536952187e-5
s3c2_gene14	1	760479.9063031594	9.981431232814316e-6	-0.35202436784418756	0	two.sided	spearman	150	2.3765312459081704e-5
s3c2_gene15	1	756831.4963959791	1.4862637139990934e-5	-0.34553801750474067	0	two.sided	spearman	150	3.436447893639523e-5
s3c2_gene2	1	756117.7762078868	1.6050009015720073e-5	-0.3442691252195864	0	two.sided	spearman	150	3.6477293217545625e-5
s3c2_gene3	1	756295.6361908619	1.574601368125537e-5	-0.3445853347986344	0	two.sided	spearman	150	3.5990888414297985e-5
s3c2_gene4	1	749134.4916199244	3.345909733360549e-5	-0.3318538452729889	0	two.sided	spearman	150	7.435354963023443e-5
s3c2_gene5	1	758790.2364648964	1.2015535872170398e-5	-0.3490203768432313	0	two.sided	spearman	150	2.8439138158983193e-5
s3c2_gene6	1	754363.1190681523	1.936083370762944e-5	-0.34114959610320866	0	two.sided	spearman	150	4.350749147781897e-5
s3c2_gene7	1	756457.5343804931	1.547403058025244e-5	-0.34487316659494743	0	two.sided	spearman	150	3.557248409253434e-5
s3c2_gene8	1	756006.0436544796	1.6243803185769928e-5	-0.34407048074044083	0	two.sided	spearman	150	3.670915974185295e-5
s3c2_gene9	1	761210.7284126915	9.206565316638605e-6	-0.35332366489655803	0	two.sided	spearman	150	2.2184494738888207e-5
s3c3_gene1	1	598776.6785764449	0.43266087556794575	-0.06453918587749645	0	two.sided	spearman	150	0.6137033695999231
s3c3_gene10	1	613981.426864619	0.2650762817286842	-0.09157105091714134	0	two.sided	spearman	150	0.4275423898849745
s3c3_gene11	1	612646.3368642103	0.27771456062345595	-0.08919745208979998	0	two.sided	spearman	150	0.4408167628943745
s3c3_gene12	1	603353.1527537642	0.3767972142267554	-0.07267550158454014	0	two.sided	spearman	150	0.5520838303688723
s3c3_gene13	1	603053.2990645178	0.380316729017839	-0.07214240466601685	0	two.sided	spearman	150	0.5545358548382374
s3c3_gene14	1	602304.2349054498	0.38919578641418184	-0.07081067586194915	0	two.sided	spearman	150	0.5620155760493601
s3c3_gene15	1	605256.0265459779	0.35492883157918165	-0.0760585386834579	0	two.sided	spearman	150	0.5357416325723497
s3c3_gene2	1	600712.6160834423	0.40847195644890477	-0.06798100552636546	0	two.sided	spearman	150	0.5856228766292542
s3c3_gene3	1	600545.0172533313	0.4105339854577398	-0.06768303880764712	0	two.sided	spearman	150	0.5864771220824854
s3c3_gene4	1	604462.4973911663	0.3639500977594361	-0.07464775748462821	0	two.sided	spearman	150	0.545243592148968
s3c3_gene5	1	607665.117212813	0.3284064985307775	-0.0803415568919739	0	two.sided	spearman	150	0.5013839672225612
s3c3_gene6	1	603891.2932150733	0.3705308924511663	-0.07363223825960856	0	two.sided	spearman	150	0.5489346554832093
s3c3_gene7	1	602974.6302258942	0.3812434002012882	-0.07200254273682252	0	two.sided	spearman	150	0.5545358548382374
s3c3_gene8	1	594364.3828449486	0.49075280041076197	-0.056694755935727884	0	two.sided	spearman	150	0.6769004143596717
s3c3_gene9	1	604562.8286636136	0.36280170461810435	-0.074826132118963	0	two.sided	spearman	150	0.545243592148968
universal_gene1	1	614351.968495817	0.26163930694474924	-0.0922298208734914	0	two.sided	spearman	150	0.4237073796676101
universal_gene10	1	585309.4855065652	0.6218380939339704	-0.040596445187013164	0	two.sided	spearman	150	0.7972283255563724
universal_gene2	1	574717.6954947822	0.7914899547401881	-0.021765759357806436	0	two.sided	spearman	150	0.9036001681155719
universal_gene3	1	598070.9392850247	0.4416789015911615	-0.0632844824837097	0	two.sided	spearman	150	0.624281132991041
universal_gene4	1	651602.2336481288	0.05278273201331284	-0.15845545783924406	0	two.sided	spearman	150	0.09774580002465341
universal_gene5	1	611437.8010824567	0.28949969984924107	-0.08704884853985821	0	two.sided	spearman	150	0.45411717623410364
universal_gene6	1	650758.5388570933	0.05509461850133799	-0.15695548932324696	0	two.sided	spearman	150	0.10109104312172108
universal_gene7	1	613787.6050883001	0.26688629506666506	-0.09122646355535823	0	two.sided	spearman	150	0.4281213741437495
universal_gene8	1	632801.5213451899	0.12738809985804606	-0.12503048374628184	0	two.sided	spearman	150	0.2234878944878001
universal_gene9	1	623737.5029820385	0.18459665964478497	-0.1089159571217185	0	two.sided	spearman	150	0.3051184456938595
s1c1_gene1	2	560090.4098409889	0.9589363132294115	0.0042394598142336485	0	two.sided	spearman	150	0.9710747475740877
s1c1_gene10	2	612013.2413872977	0.28384729641029366	-0.08807189899515117	0	two.sided	spearman	150	0.4487704291071836
s1c1_gene11	2	521056.14090721164	0.3705011686304067	0.07363680002273586	0	two.sided	spearman	150	0.5489346554832093
s1c1_gene12	2	486038.5816190574	0.09729311844688443	0.13589300569970672	0	two.sided	spearman	150	0.1753029161205125
s1c1_gene13	2	499923.3730091313	0.17547339317021524	0.11120783499865539	0	two.sided	spearman	150	0.29124214634060624
s1c1_gene14	2	514182.6333723239	0.29617922615087167	0.08585691208973922	0	two.sided	spearman	150	0.45927612761957376
s1c1_gene15	2	535924.2077455691	0.5662343480025578	0.047203506385938794	0	two.sided	spearman	150	0.7422343563814569
s1c1_gene2	2	630076.0702510363	0.14293133675994876	-0.12018502200282026	0	two.sided	spearman	150	0.2475001502336775
s1c1_gene3	2	593979.8519082381	0.49600480616403775	-0.05601111499753433	0	two.sided	spearman	150	0.6817935479918045
s1c1_gene4	2	548249.8893230351	0.7586922346937381	0.025290209657255543	0	two.sided	spearman	150	0.8960604839211158
s1c1_gene5	2	575397.7122987593	0.7801950942906106	-0.022974731852543236	0	two.sided	spearman	150	0.9022223851058759
s1c1_gene6	2	584586.3330448152	0.6329250453490862	-0.039310783670056894	0	two.sided	spearman	150	0.806273943119855
s1c1_gene7	2	577711.6479345404	0.7421171452732037	-0.027088578042651447	0	two.sided	spearman	150	0.8836887072812888
s1c1_gene8	2	584210.6864963092	0.6387168264310608	-0.038642937901789964	0	two.sided	spearman	150	0.8085023119380517
s1c1_gene9	2	496701.5267498453	0.15413448358144713	0.11693581625877551	0	two.sided	spearman	150	0.26347774971187543
s2c1_gene1	2	743759.1981280382	5.766580717289194e-5	-0.32229734322065556	0	two.sided	spearman	150	1.2604548015932666e-4
s2c1_gene10	2	727918.4540198817	2.587690315400992e-4	-0.29413476869173155	0	two.sided	spearman	150	5.375187830948264e-4
s2c1_gene11	2	734452.8198432656	1.4187024321134312e-4	-0.30575193536293277	0	two.sided	spearman	150	2.9867419623440657e-4
s2c1_gene12	2	719557.6687710034	5.384539192902427e-4	-0.2792704898368877	0	two.sided	spearman	150	0.0010609929444142714
s2c1_gene13	2	727836.0237427801	2.6069660980099083e-4	-0.2939882194635852	0	two.sided	spearman	150	5.375187830948264e-4
s2c1_gene14	2	726481.8120475393	2.9433373013710353e-4	-0.2915806250011809	0	two.sided	spearman	150	6.037614977171354e-4
s2c1_gene15	2	723201.087018895	3.9319809659641987e-4	-0.2857479657209563	0	two.sided	spearman	150	7.983717697389235e-4
s2c1_gene2	2	727857.220099749	2.601996781883435e-4	-0.29402590355082286	0	two.sided	spearman	150	5.375187830948264e-4
s2c1_gene3	2	719740.1929560141	5.301348870767053e-4	-0.2795949916992117	0	two.sided	spearman	150	0.0010549948001526473
s2c1_gene4	2	713931.2135711244	8.622045720938635e-4	-0.26926745823569836	0	two.sided	spearman	150	0.0016823503845733922
s2c1_gene5	2	738365.902854818	9.77883042234169e-5	-0.31270883657908016	0	two.sided	spearman	150	2.114341712938744e-4
s2c1_gene6	2	720692.8514442313	4.886065339890346e-4	-0.2812886820645031	0	two.sided	spearman	150	9.821236864101196e-4
s2c1_gene7	2	709796.7463867847	0.0012050074968896793	-0.26191696766395794	0	two.sided	spearman	150	0.0023285169022022787
s2c1_gene8	2	721119.1337343855	4.710146344994222e-4	-0.2820465509300599	0	two.sided	spearman	150	9.51544716160449e-4
s2c1_gene9	2	744502.2481973399	5.354352003136273e-5	-0.32361837983437475	0	two.sided	spearman	150	1.1767806600299503e-4
s2c2_gene1	2	400537.18790771137	3.535671841402256e-4	0.28790223937470755	0	two.sided	spearman	150	7.215656819188277e-4
s2c2_gene10	2	380384.16273175314	5.320388984032277e-5	0.3237314320960876	0	two.sided	spearman	150	1.1757765710568569e-4
s2c2_gene11	2	388985.1733596132	1.2300496624125865e-4	0.30844006691921727	0	two.sided	spearman	150	2.6171269413033756e-4
s2c2_gene12	2	436329.5918006207	0.005798324329793958	0.22426847095316102	0	two.sided	spearman	150	0.011044427294845635
s2c2_gene13	2	430030.74105467	0.0037239707863628816	0.23546692554394416	0	two.sided	spearman	150	0.0071272168160055145
s2c2_gene14	2	413833.1916042022	0.0010839668079926689	0.26426384887470156	0	two.sided	spearman	150	0.0021047899184323668
s2c2_gene15	2	385705.6259063561	8.983682176779384e-5	0.3142706326390398	0	two.sided	spearman	150	1.9529743862563878e-4
s2c2_gene2	2	405304.01307495916	5.344136629939345e-4	0.2794275068670445	0	two.sided	spearman	150	0.0010582448772157118
s2c2_gene3	2	409769.3789430924	7.778056828038645e-4	0.2714887258223166	0	two.sided	spearman	150	0.0015251091819683616
s2c2_gene4	2	386814.90192106646	9.998395164082411e-5	0.3122984987402704	0	two.sided	spearman	150	2.1501925084048193e-4
s2c2_gene5	2	387097.5200139862	1.0273523061031382e-4	0.3117960442437686	0	two.sided	spearman	150	2.197545039792809e-4
s2c2_gene6	2	415319.2917428056	0.0012210770303770354	0.26162177564726313	0	two.sided	spearman	150	0.0023482250584173758
s2c2_gene7	2	394724.6757966601	2.0989968378132726e-4	0.2982360535194272	0	two.sided	spearman	150	4.3958048959440263e-4
s2c2_gene8	2	404949.5628834222	5.184784341053545e-4	0.2800576685480738	0	two.sided	spearman	150	0.001036956868210709
s2c2_gene9	2	389093.5102952326	1.24274663798992e-4	0.3082474593622249	0	two.sided	spearman	150	2.6301516147934814e-4
s3c1_gene1	2	843503.3661471567	7.578340829712781e-11	-0.4996281899589433	0	two.sided	spearman	150	2.73093363232893e-10
s3c1_gene10	2	837364.6656538605	2.225239000198823e-10	-0.48871445958284454	0	two.sided	spearman	150	7.356161984128341e-10
s3c1_gene11	2	838887.270629466	1.7095393096763363e-10	-0.4914214331827478	0	two.sided	spearman	150	5.698464365587787e-10
s3c1_gene12	2	842752.0730501447	8.663967610176416e-11	-0.4982924984224094	0	two.sided	spearman	150	3.0668911894429793e-10
s3c1_gene13	2	840089.5750997624	1.3859832163223208e-10	-0.49355895835328234	0	two.sided	spearman	150	4.698248190923121e-10
s3c1_gene14	2	832759.1683146544	4.871694024277605e-10	-0.4805265448502678	0	two.sided	spearman	150	1.510602798225614e-9
s3c1_gene15	2	841069.3178218846	1.1669114444890288e-10	-0.49530080060782183	0	two.sided	spearman	150	3.989440835859927e-10
s3c1_gene2	2	842521.2682742602	9.026688516453961e-11	-0.4978821605835997	0	two.sided	spearman	150	3.167259128580337e-10
s3c1_gene3	2	843365.5898268581	7.76703896772898e-11	-0.49938324339189866	0	two.sided	spearman	150	2.773942488474636e-10
s3c1_gene4	2	844233.4628871996	6.650136913711054e-11	-0.5009261974082395	0	two.sided	spearman	150	2.4182316049858375e-10
s3c1_gene5	2	835043.6645657565	3.311309646934635e-10	-0.4845880520303238	0	two.sided	spearman	150	1.0512094117252808e-9
s3c1_gene6	2	844351.220425916	6.511125354204731e-11	-0.5011355534484486	0	two.sided	spearman	150	2.389403799708158e-10
s3c1_gene7	2	842091.4532579446	9.741709225502562e-11	-0.49711801103683656	0	two.sided	spearman	150	3.388420600174804e-10
s3c1_gene8	2	836316.6235592827	2.6644570807314905e-10	-0.4868511908249838	0	two.sided	spearman	150	8.664901075549562e-10
s3c1_gene9	2	839916.4715178491	1.4286178243916967e-10	-0.493251204974175	0	two.sided	spearman	150	4.802076720644359e-10
s3c2_gene1	2	114212.08766908223	3.248382919259712e-34	0.7969472640222548	0	two.sided	spearman	150	6.077048505057684e-33
s3c2_gene10	2	112657.68815802321	1.3157992272910845e-34	0.7997107637530144	0	two.sided	spearman	150	3.174768602367902e-33
s3c2_gene11	2	111475.40246930848	6.554408830977155e-35	0.8018126983967137	0	two.sided	spearman	150	2.0167411787622014e-33
s3c2_gene12	2	112756.60449054516	1.3942739179925556e-34	0.7995349046792388	0	two.sided	spearman	150	3.174768602367902e-33
s3c2_gene13	2	114918.63290138182	4.876013565048639e-34	0.7956911277810004	0	two.sided	spearman	150	8.126689275081066e-33
s3c2_gene14	2	110695.84756300469	4.120767498644864e-35	0.8031986353828976	0	two.sided	spearman	150	1.4984609085981326e-33
s3c2_gene15	2	110302.53738369123	3.255942518684407e-35	0.8038978845571959	0	two.sided	spearman	150	1.3023770074737629e-33
s3c2_gene2	2	109753.78725327192	2.3402049858259128e-35	0.8048734837045701	0	two.sided	spearman	150	1.1701024929129564e-33
s3c2_gene3	2	114518.25726974542	3.874878930969394e-34	0.7964029383177111	0	two.sided	spearman	150	6.738919879946771e-33
s3c2_gene4	2	119497.04600668309	6.338180388488013e-33	0.7875513649376717	0	two.sided	spearman	150	8.742317777224845e-32
s3c2_gene5	2	114261.54583534323	3.342376677781726e-34	0.7968593344853669	0	two.sided	spearman	150	6.077048505057684e-33
s3c2_gene6	2	115669.92599839372	7.486622837058421e-34	0.7943554362444665	0	two.sided	spearman	150	1.1517881287782188e-32
s3c2_gene7	2	113903.56291764475	2.718007950757782e-34	0.7974957768476025	0	two.sided	spearman	150	5.436015901515564e-33
s3c2_gene8	2	108517.33309674765	1.1043372517505302e-35	0.8070717221267654	0	two.sided	spearman	150	6.310498581431601e-34
s3c2_gene9	2	113251.18615315478	1.8610843352752386e-34	0.7986556093103608	0	two.sided	spearman	150	3.918072284789976e-33
s3c3_gene1	2	912493.9753550488	1.8935292723548053e-17	-0.6222836132362306	0	two.sided	spearman	150	9.836515700544443e-17
s3c3_gene10	2	897738.9557538592	8.497522234207791e-16	-0.5960513013980342	0	two.sided	spearman	150	3.776676548536796e-15
s3c3_gene11	2	901531.9260759209	3.3040842162168687e-16	-0.6027946594531683	0	two.sided	spearman	150	1.4849816702098287e-15
s3c3_gene12	2	907300.8678976469	7.520203289781169e-17	-0.6130510118630106	0	two.sided	spearman	150	3.6241943565210455e-16
s3c3_gene13	2	908147.5446010194	6.024399288628512e-17	-0.6145562817921139	0	two.sided	spearman	150	2.938731360306591e-16
s3c3_gene14	2	909126.1097477541	4.655345155844938e-17	-0.6162960304862511	0	two.sided	spearman	150	2.2989358794295986e-16
s3c3_gene15	2	902758.9596293479	2.422466582413468e-16	-0.6049761493921468	0	two.sided	spearman	150	1.1011211738243036e-15
s3c3_gene2	2	909679.5701797223	4.02087765713368e-17	-0.6172800038752339	0	two.sided	spearman	150	2.0358874213335089e-16
s3c3_gene3	2	911644.943500902	2.3798572692208996e-17	-0.6207741561863231	0	two.sided	spearman	150	1.2204396252414872e-16
s3c3_gene4	2	906105.6288796734	1.0264229945545307e-16	-0.6109260480548886	0	two.sided	spearman	150	4.830225856727204e-16
s3c3_gene5	2	904208.554930949	1.673715789023717e-16	-0.6075533222471204	0	two.sided	spearman	150	7.695245007005595e-16
s3c3_gene6	2	907166.62430351	7.788497406289021e-17	-0.6128123459771723	0	two.sided	spearman	150	3.7088082887090577e-16
s3c3_gene7	2	909267.4187942139	4.4846322699143326e-17	-0.616547257734502	0	two.sided	spearman	150	2.242316134957166e-16
s3c3_gene8	2	918443.0862110112	3.683706957070503e-18	-0.6328602803875927	0	two.sided	spearman	150	1.9387931353002646e-17
s3c3_gene9	2	905844.2071437226	1.0983473070902929e-16	-0.6104612776456244	0	two.sided	spearman	150	5.108592126001363e-16
universal_gene1	2	542595.1723138642	0.6676462667705961	0.035343486708095034	0	two.sided	spearman	150	0.8319579648231727
universal_gene10	2	573676.0970827226	0.8088741305139253	-0.01991394654468665	0	two.sided	spearman	150	0.9036001681155719
universal_gene2	2	556184.3922817594	0.8919545555344481	0.01118379966796847	0	two.sided	spearman	150	0.9388995321415243
universal_gene3	2	651327.7732632203	0.053525834219507976	-0.15796750657935096	0	two.sided	spearman	150	0.09866513220185802
universal_gene4	2	470624.1198010551	0.045860716399120365	0.16329771136307386	0	two.sided	spearman	150	0.08572096523200068
universal_gene5	2	531946.3580877224	0.5094703037912232	0.05427555342420116	0	two.sided	spearman	150	0.6955225990323867
universal_gene6	2	516826.2901165115	0.3235057366206807	0.08115686898704562	0	two.sided	spearman	150	0.49579423236885933
universal_gene7	2	495291.9690114076	0.14543769299784715	0.11944180806007808	0	two.sided	spearman	150	0.25075464309973644
universal_gene8	2	491123.3521408401	0.12189100518558334	0.1268530118834791	0	two.sided	spearman	150	0.2147859122212922
universal_gene9	2	532585.7815229535	0.5183918698041	0.053138750125865906	0	two.sided	spearman	150	0.7029042302428474
s1c1_gene1	3	541366.8924518771	0.6484416433471809	0.037527192405214224	0	two.sided	spearman	150	0.8182228938134775
s1c1_gene10	3	546005.6133533639	0.7220770453619034	0.029280210936727988	0	two.sided	spearman	150	0.8725730634447898
s1c1_gene11	3	634896.8694539327	0.11634982856472137	-0.12875571261644114	0	two.sided	spearman	150	0.20592890011455112
s1c1_gene12	3	627911.8038526912	0.15626841816548082	-0.1163372662832857	0	two.sided	spearman	150	0.26598879687741417
s1c1_gene13	3	547249.4587363665	0.7422985141162826	0.027068831972325035	0	two.sided	spearman	150	0.8836887072812888
s1c1_gene14	3	651868.6771178766	0.05206952001749625	-0.15892915617205505	0	two.sided	spearman	150	0.0968735256139465
s1c1_gene15	3	573091.3745396355	0.8186747658469415	-0.018874393599067382	0	two.sided	spearman	150	0.9036001681155719
s1c1_gene2	3	597072.6621253551	0.4546150915506545	-0.061509688653460334	0	two.sided	spearman	150	0.6403029458459922
s1c1_gene3	3	573951.015615285	0.8042763109725887	-0.020402712325498767	0	two.sided	spearman	150	0.9036001681155719
s1c1_gene4	3	586848.2016785046	0.5985304267117505	-0.043332062186771984	0	two.sided	spearman	150	0.7722973247893554
s1c1_gene5	3	572608.2279859072	0.8267941538257482	-0.01801542821620012	0	two.sided	spearman	150	0.9036001681155719
s1c1_gene6	3	590375.4285135686	0.5466424587324348	-0.049602966378183254	0	two.sided	spearman	150	0.7264351611062256
s1c1_gene7	3	542583.7535858683	0.667466710125919	0.035363787571237364	0	two.sided	spearman	150	0.8319579648231727
s1c1_gene8	3	533962.9285088392	0.537874363582677	0.050690380001174797	0	two.sided	spearman	150	0.7195643659968923
s1c1_gene9	3	546157.2391335233	0.7245321206096036	0.029010642013381348	0	two.sided	spearman	150	0.8725730634447898
s2c1_gene1	3	823584.8731483995	2.1847658057092606e-9	-0.4642159618621264	0	two.sided	spearman	150	6.3326545093022046e-9
s2c1_gene10	3	821901.5699957823	2.8530751425531625e-9	-0.4612232899164984	0	two.sided	spearman	150	8.151643264437608e-9
s2c1_gene11	3	821706.2554315092	2.9423205402241405e-9	-0.4608760485915096	0	two.sided	spearman	150	8.347008624749335e-9
s2c1_gene12	3	829089.6599467291	8.963311830565592e-10	-0.47400268446905025	0	two.sided	spearman	150	2.69573288137311e-9
s2c1_gene13	3	841990.7009026646	9.917080377811572e-11	-0.49693888777752715	0	two.sided	spearman	150	3.419682888900542e-10
s2c1_gene14	3	828224.879014125	1.0329150546837788e-9	-0.4724652278130139	0	two.sided	spearman	150	3.083328521444116e-9
s2c1_gene15	3	835236.928864378	3.204154013957934e-10	-0.48493164827659546	0	two.sided	spearman	150	1.0335980690186883e-9
s2c1_gene2	3	835093.0128696505	3.283623778290019e-10	-0.4846757862476562	0	two.sided	spearman	150	1.0507596090528061e-9
s2c1_gene3	3	832434.4218599064	5.144444412449442e-10	-0.4799491921594851	0	two.sided	spearman	150	1.5829059730613668e-9
s2c1_gene4	3	830796.0924556417	6.761229248128704e-10	-0.4770364770979006	0	two.sided	spearman	150	2.0644974803446427e-9
s2c1_gene5	3	823478.2211165925	2.222193470981335e-9	-0.4640263498228233	0	two.sided	spearman	150	6.39480135534197e-9
s2c1_gene6	3	828055.2637346247	1.061964853653992e-9	-0.47216367613604987	0	two.sided	spearman	150	3.1465625293451615e-9
s2c1_gene7	3	834558.4677463766	3.5958094895368545e-10	-0.48372544156873926	0	two.sided	spearman	150	1.1325384219013715e-9
s2c1_gene8	3	833906.9908773866	4.0151806899844745e-10	-0.4825672089913092	0	two.sided	spearman	150	1.2547439656201482e-9
s2c1_gene9	3	825588.1323964377	1.5849024879735397e-9	-0.4677774699256638	0	two.sided	spearman	150	4.661477905804529e-9
s2c2_gene1	3	305552.8253053249	4.223838372181608e-9	0.4567708337164764	0	two.sided	spearman	150	1.1814932509598904e-8
s2c2_gene10	3	341219.57767722773	6.37171792575954e-7	0.3933604557051821	0	two.sided	spearman	150	1.66580860804171e-6
s2c2_gene11	3	312697.2264721578	1.2548400067496455e-8	0.44406911156556683	0	two.sided	spearman	150	3.461627604826609e-8
s2c2_gene12	3	272269.68159609754	1.4082387104818025e-11	0.5159434968734654	0	two.sided	spearman	150	6.056940690244311e-11
s2c2_gene13	3	279619.6770411126	5.459244721437482e-11	0.5028762575383571	0	two.sided	spearman	150	2.040839148200928e-10
s2c2_gene14	3	279213.6283417027	5.0730640213080966e-11	0.5035981539771498	0	two.sided	spearman	150	1.9325958176411796e-10
s2c2_gene15	3	319442.003760774	3.369753479931762e-8	0.4320778634414438	0	two.sided	spearman	150	9.10744183765341e-8
s2c2_gene2	3	304108.52550109476	3.3708399024173794e-9	0.45933859193547316	0	two.sided	spearman	150	9.495323668781349e-9
s2c2_gene3	3	295600.77727706585	8.588571922636973e-10	0.4744641499141013	0	two.sided	spearman	150	2.602597552314234e-9
s2c2_gene4	3	336787.7360181618	3.608625018891255e-7	0.40123963550706826	0	two.sided	spearman	150	9.687583943332228e-7
s2c2_gene5	3	316097.24184759654	2.0745558702775336e-8	0.43802437113187864	0	two.sided	spearman	150	5.645049987149751e-8
s2c2_gene6	3	288321.45486517594	2.5256559163280706e-10	0.4874057427171413	0	two.sided	spearman	150	8.280839069928101e-10
s2c2_gene7	3	313804.8656458646	1.4797381622264264e-8	0.44209988773569564	0	two.sided	spearman	150	4.0540771567847297e-8
s2c2_gene8	3	300846.0012991903	2.0110984356542746e-9	0.46513889275222853	0	two.sided	spearman	150	5.8718202500854736e-9
s2c2_gene9	3	306963.7160393505	5.255712983239056e-9	0.45426247203991194	0	two.sided	spearman	150	1.45992027312196e-8
s3c1_gene1	3	778467.2088013069	1.2283006212053146e-6	-0.38400321578969193	0	two.sided	spearman	150	3.0001122568903886e-6
s3c1_gene10	3	782218.0194138942	7.710233451859769e-7	-0.3906716199189194	0	two.sided	spearman	150	1.9897376649960693e-6
s3c1_gene11	3	782301.5420894058	7.629803580673322e-7	-0.3908201112750002	0	two.sided	spearman	150	1.9817671638112524e-6
s3c1_gene12	3	777210.513775918	1.4324310001637129e-6	-0.38176899200127656	0	two.sided	spearman	150	3.47256000039688e-6
s3c1_gene13	3	779481.0455855932	1.0841224745711237e-6	-0.3858056724042724	0	two.sided	spearman	150	2.744613859673731e-6
s3c1_gene14	3	787796.049173826	3.784316093046683e-7	-0.40058855802271404	0	two.sided	spearman	150	1.0024678392176644e-6
s3c1_gene15	3	778455.6441231592	1.2300460253250593e-6	-0.38398265544808075	0	two.sided	spearman	150	3.0001122568903886e-6
s3c1_gene2	3	779371.8236253088	1.098843253281996e-6	-0.38561149140016676	0	two.sided	spearman	150	2.7643855428477885e-6
s3c1_gene3	3	780169.7864175037	9.955330729522115e-7	-0.3870301549713385	0	two.sided	spearman	150	2.5363899947827045e-6
s3c1_gene4	3	778474.9185867388	1.2271383288295023e-6	-0.38401692268409937	0	two.sided	spearman	150	3.0001122568903886e-6
s3c1_gene5	3	787868.0071711899	3.7491618267526916e-7	-0.40071648903718365	0	two.sided	spearman	150	9.99776487134051e-7
s3c1_gene6	3	779150.809776263	1.1292156348879174e-6	-0.3852185604271531	0	two.sided	spearman	150	2.8230390872197935e-6
s3c1_gene7	3	778550.7314768186	1.2157647613665497e-6	-0.38415170714577274	0	two.sided	spearman	150	3.0001122568903886e-6
s3c1_gene8	3	786468.681115312	4.492118250429494e-7	-0.39822868770223036	0	two.sided	spearman	150	1.1821363816919722e-6
s3c1_gene9	3	782157.6260946781	7.768893307973293e-7	-0.39056424924606103	0	two.sided	spearman	150	1.9920239251213574e-6
s3c2_gene1	3	849259.7436006455	2.664660583603567e-11	-0.5098622047213573	0	two.sided	spearman	150	1.098829106640646e-10
s3c2_gene10	3	847219.2203896866	3.875052678893702e-11	-0.5062344466681838	0	two.sided	spearman	150	1.5048748267548357e-10
s3c2_gene11	3	845543.6270225015	5.2529601245468937e-11	-0.5032554816169633	0	two.sided	spearman	150	1.9822491036026013e-10
s3c2_gene12	3	855974.966711773	7.527886375695897e-12	-0.5218009097502518	0	two.sided	spearman	150	3.308961044261933e-11
s3c2_gene13	3	847477.498201653	3.696559972920129e-11	-0.5066936276308336	0	two.sided	spearman	150	1.4496313619294622e-10
s3c2_gene14	3	846865.855224061	4.132833982364934e-11	-0.5056062140078421	0	two.sided	spearman	150	1.5895515316788207e-10
s3c2_gene15	3	849816.1331159761	2.4041564268441425e-11	-0.5108513856010954	0	two.sided	spearman	150	1.0122763902501652e-10
s3c2_gene2	3	849551.4304828165	2.524856877270959e-11	-0.5103807822264395	0	two.sided	spearman	150	1.0520236988628997e-10
s3c2_gene3	3	848050.592252086	3.328479038194825e-11	-0.5077125067817879	0	two.sided	spearman	150	1.3448400154322526e-10
s3c2_gene4	3	855558.6382984538	8.153276786886409e-12	-0.5210607374522491	0	two.sided	spearman	150	3.5449029508201777e-11
s3c2_gene5	3	847621.4141963808	3.600583262382955e-11	-0.5069494896597728	0	two.sided	spearman	150	1.425973569260576e-10
s3c2_gene6	3	851395.3541652635	1.7921038310679037e-11	-0.5136590144722227	0	two.sided	spearman	150	7.625973749225121e-11
s3c2_gene7	3	848312.7249567684	3.172197197609417e-11	-0.5081785411916414	0	two.sided	spearman	150	1.2947743663711909e-10
s3c2_gene8	3	847911.8161143131	3.4142094227771663e-11	-0.5074657826824537	0	two.sided	spearman	150	1.3656837691108665e-10
s3c2_gene9	3	844543.9248448404	6.289686081859494e-11	-0.5014781543087965	0	two.sided	spearman	150	2.3295133636516643e-10
s3c3_gene1	3	135941.40069769268	2.7018914383828885e-29	0.7583156572333123	0	two.sided	spearman	150	3.0021015982032093e-28
s3c3_gene10	3	137583.58499467335	5.831754857245952e-29	0.755396088724524	0	two.sided	spearman	150	5.981287033072771e-28
s3c3_gene11	3	138395.68239349322	8.497777715331684e-29	0.7539522958469386	0	two.sided	spearman	150	8.093121633649222e-28
s3c3_gene12	3	138231.20697094747	7.875563359127492e-29	0.7542447095942976	0	two.sided	spearman	150	7.875563359127492e-28
s3c3_gene13	3	135216.6808671003	1.9173423924032166e-29	0.7596041053076131	0	two.sided	spearman	150	2.191248448460819e-28
s3c3_gene14	3	134214.40876096187	1.188857938491525e-29	0.76138600158058245	0	two.sided	spearman	150	1.5340102432148709e-28
s3c3_gene15	3	138678.3745259938	9.681819382846776e-29	0.7534497097186652	0	two.sided	spearman	150	9.00634361195049e-28
s3c3_gene2	3	136735.5085971716	3.924932160010398e-29	0.7569038471093442	0	two.sided	spearman	150	4.131507536853051e-28
s3c3_gene3	3	139582.98934999562	1.4666647042653652e-28	0.7518414341081904	0	two.sided	spearman	150	1.3037019593469914e-27
s3c3_gene4	3	135075.33480085005	1.792818964187791e-29	0.7598553983717498	0	two.sided	spearman	150	2.191248448460819e-28
s3c3_gene5	3	135185.84172537294	1.889469284286287e-29	0.759658932885243	0	two.sided	spearman	150	2.191248448460819e-28
s3c3_gene6	3	135131.87322735015	1.841645450224596e-29	0.7597548811460951	0	two.sided	spearman	150	2.191248448460819e-28
s3c3_gene7	3	138354.5635378568	8.337844092481025e-29	0.7540253992837783	0	two.sided	spearman	150	8.093121633649222e-28
s3c3_gene8	3	139549.58027979103	1.444421245492272e-28	0.7519008306506226	0	two.sided	spearman	150	1.3037019593469914e-27
s3c3_gene9	3	136583.88281701223	3.6555637212175263e-29	0.7571734160326908	0	two.sided	spearman	150	3.951960779694623e-28
universal_gene1	3	521525.7596430523	0.37596575291560885	0.07280188516280313	0	two.sided	spearman	150	0.5520838303688723
universal_gene10	3	563763.8191313549	0.9777990996070336	-0.0022913358484464522	0	two.sided	spearman	150	0.9802497239168256
universal_gene2	3	554743.3701761091	0.8674096357964886	0.01374573060827747	0	two.sided	spearman	150	0.9326985331145038
universal_gene3	3	445306.8208639413	0.010526784715819637	0.20830824327491654	0	two.sided	spearman	150	0.01995598998259647
universal_gene4	3	593252.4634438814	0.5060202519309331	-0.054717922474565715	0	two.sided	spearman	150	0.6931784273026481
universal_gene5	3	535818.416869434	0.5646866713266153	0.04739158741378031	0	two.sided	spearman	150	0.7422343563814569
universal_gene6	3	529478.4033159891	0.47579694886126966	0.05866322358151191	0	two.sided	spearman	150	0.6585424897733836
universal_gene7	3	536031.7209330479	0.5678092826318145	0.047012363335174015	0	two.sided	spearman	150	0.7422343563814569
universal_gene8	3	546009.4682460799	0.7221394275661941	0.02927335748952426	0	two.sided	spearman	150	0.8725730634447898
universal_gene9	3	515172.89644722105	0.30623053527004235	0.08409636615454714	0	two.sided	spearman	150	0.472942911613965
s1c1_gene1	-1	533702	0.5341552564705494	0.05115427352326771	0	two.sided	spearman	150	0.7194010188155548
s1c1_gene10	-1	488360	0.10798602772074097	0.13176585626027823	0	two.sided	spearman	150	0.19197516039242837
s1c1_gene11	-1	589434	0.5602735821281856	-0.047929241299613325	0	two.sided	spearman	150	0.7396350919183968
s1c1_gene12	-1	546308	0.7269759746294924	0.028742610782701454	0	two.sided	spearman	150	0.8725730634447898
s1c1_gene13	-1	518650	0.34327526683481957	0.07791457398106584	0	two.sided	spearman	150	0.5201140406588175
s1c1_gene14	-1	604075.9999999999	0.36839494506058557	-0.07396062047202098	0	two.sided	spearman	150	0.5489346554832093
s1c1_gene15	-1	510328	0.2591539043586654	0.09270989821769857	0	two.sided	spearman	150	0.4213884623718137
s1c1_gene2	-1	570392.0000000001	0.8642608843193171	-0.014075292235210455	0	two.sided	spearman	150	0.9326985331145038
s1c1_gene3	-1	592606	0.5150090366643891	-0.0535686030490244	0	two.sided	spearman	150	0.7006925668903253
s1c1_gene4	-1	558718	0.9353447180635226	0.00667940797368772	0	two.sided	spearman	150	0.9667645664739251
s1c1_gene5	-1	477458	0.06484659626225608	0.15114805102449	0	two.sided	spearman	150	0.11790290229501106
s1c1_gene6	-1	559534	0.9493662282849556	0.005228676830081337	0	two.sided	spearman	150	0.9674311019753071
s1c1_gene7	-1	577110	0.7519620546912273	-0.02601893417485222	0	two.sided	spearman	150	0.8925365634317238
s1c1_gene8	-1	555254	0.8760939698584214	0.012837903906840305	0	two.sided	spearman	150	0.9345002345156495
s1c1_gene9	-1	544334	0.6952034112504393	0.03225210009333748	0	two.sided	spearman	150	0.8556349676928484
s2c1_gene1	-1	555254	0.8760939698584214	0.012837903906840305	0	two.sided	spearman	150	0.9345002345156495
s2c1_gene10	-1	578542	0.7285985079763996	-0.02856482510333793	0	two.sided	spearman	150	0.8725730634447898
s2c1_gene11	-1	565350	0.9505010576907392	-0.00511133828170141	0	two.sided	spearman	150	0.9674311019753071
s2c1_gene12	-1	575866.0000000001	0.7724434437284616	-0.023807280323569942	0	two.sided	spearman	150	0.9008086807328999
s2c1_gene13	-1	610762	0.2962331023146251	-0.08584737099426643	0	two.sided	spearman	150	0.45927612761957376
s2c1_gene14	-1	584954	0.6272777824850111	-0.0399644428641273	0	two.sided	spearman	150	0.8016329488626339
s2c1_gene15	-1	589498.0000000001	0.5593417724687169	-0.04804302413440598	0	two.sided	spearman	150	0.7396350919183968
s2c1_gene2	-1	602502	0.3868395257624293	-0.07116227387883907	0	two.sided	spearman	150	0.5606369938585932
s2c1_gene3	-1	587998.0000000001	0.5813744116596999	-0.045376238943953075	0	two.sided	spearman	150	0.7574910901103582
s2c1_gene4	-1	582363.9999999999	0.6675020329382862	-0.035359793768611945	0	two.sided	spearman	150	0.8319579648231727
s2c1_gene5	-1	587468.0000000001	0.5892542017454365	-0.044433974843326375	0	two.sided	spearman	150	0.7627886106737042
s2c1_gene6	-1	575872.0000000001	0.7723442685303505	-0.023817947464331753	0	two.sided	spearman	150	0.9008086807328999
s2c1_gene7	-1	575324.0000000001	0.7814172615293467	-0.02284368194141962	0	two.sided	spearman	150	0.9022223851058759
s2c1_gene8	-1	545674	0.7167175642027187	0.02986977198986622	0	two.sided	spearman	150	0.8725730634447898
s2c1_gene9	-1	565508	0.9477845149723239	-0.005392239655095783	0	two.sided	spearman	150	0.9674311019753071
s2c2_gene1	-1	541960	0.6576872082185816	0.036472732121427626	0	two.sided	spearman	150	0.8272795071931844
s2c2_gene10	-1	569230.0000000001	0.8840322150291366	-0.01200942264100627	0	two.sided	spearman	150	0.9367106551120077
s2c2_gene11	-1	533478	0.5309727897486765	0.05155251344504201	0	two.sided	spearman	150	0.7175307969576709
s2c2_gene12	-1	546038	0.7226012024921562	0.02922263211698298	0	two.sided	spearman	150	0.8725730634447898
s2c2_gene13	-1	554688	0.8664688815139491	0.01384417085203787	0	two.sided	spearman	150	0.9326985331145038
s2c2_gene14	-1	515732	0.31200321407831993	0.08310236010489355	0	two.sided	spearman	150	0.48000494473587685
s2c2_gene15	-1	537164	0.5845204716075126	0.04499933330370239	0	two.sided	spearman	150	0.7591174955941723
s2c2_gene2	-1	552864	0.835590948551132	0.017086981643628606	0	two.sided	spearman	150	0.9107258294835228
s2c2_gene3	-1	533892	0.5368621220369467	0.05081648073247701	0	two.sided	spearman	150	0.7195643659968923
s2c2_gene4	-1	573987.9999999999	0.8036582804628171	-0.020468465265122898	0	two.sided	spearman	150	0.9036001681155719
s2c2_gene5	-1	528932	0.46850851948337435	0.059634650428907955	0	two.sided	spearman	150	0.6529735463182919
s2c2_gene6	-1	538422	0.6033482783888198	0.04276278945730922	0	two.sided	spearman	150	0.7760106474454274
s2c2_gene7	-1	534382	0.5438743439834001	0.04994533090359572	0	two.sided	spearman	150	0.7251657919778667
s2c2_gene8	-1	551544	0.8133976854656756	0.019433752611227165	0	two.sided	spearman	150	0.9036001681155719
s2c2_gene9	-1	521398	0.37447425980086224	0.07302902351215611	0	two.sided	spearman	150	0.5520838303688723
s3c1_gene1	-1	626602	0.16478174014984076	-0.11400862260544914	0	two.sided	spearman	150	0.27578533916291337
s3c1_gene10	-1	614642.0000000001	0.25897046804442164	-0.09274545535357127	0	two.sided	spearman	150	0.4213884623718137
s3c1_gene11	-1	598786	0.4325424755657393	-0.06455575803369039	0	two.sided	spearman	150	0.6137033695999231
s3c1_gene12	-1	596145.9999999999	0.4668100256660833	-0.05986221609849327	0	two.sided	spearman	150	0.6528811547777389
s3c1_gene13	-1	629540	0.14615134365686872	-0.11923196586514957	0	two.sided	spearman	150	0.25090359426071884
s3c1_gene14	-1	626856	0.1631043642453349	-0.11446019823103251	0	two.sided	spearman	150	0.2741249819249326
s3c1_gene15	-1	607392.0000000001	0.3313476953216009	-0.07985599359971556	0	two.sided	spearman	150	0.503950867409279
s3c1_gene2	-1	611786	0.2860705305455152	-0.08766789635094893	0	two.sided	spearman	150	0.45050477251262233
s3c1_gene3	-1	613062	0.2737369964424658	-0.08993644161962755	0	two.sided	spearman	150	0.4362342572788299
s3c1_gene4	-1	627768.0000000001	0.1571866311733973	-0.11608160362682787	0	two.sided	spearman	150	0.2664180189379615
s3c1_gene5	-1	626046.0000000001	0.1684982948419642	-0.11302013422818794	0	two.sided	spearman	150	0.2808304914032737
s3c1_gene6	-1	649571.9999999999	0.058486757923324216	-0.15484599315525135	0	two.sided	spearman	150	0.10682512862707619
s3c1_gene7	-1	613714.0000000001	0.2675758588398434	-0.09109560424907776	0	two.sided	spearman	150	0.4281213741437495
s3c1_gene8	-1	637386	0.10422033932086006	-0.13318103026801192	0	two.sided	spearman	150	0.18694231268315706
s3c1_gene9	-1	627184.0000000001	0.16095720056659343	-0.11504333525934488	0	two.sided	spearman	150	0.2716577224752632
s3c2_gene1	-1	572693.9999999999	0.825351370491036	-0.018167918574158854	0	two.sided	spearman	150	0.9036001681155719
s3c2_gene10	-1	565168	0.9536309437154302	-0.00478776834525979	0	two.sided	spearman	150	0.9681532423506906
s3c2_gene11	-1	568084	0.9036016396571571	-0.009971998755500247	0	two.sided	spearman	150	0.9422442623508791
s3c2_gene12	-1	568881.9999999999	0.8899679172099761	-0.011390728476821193	0	two.sided	spearman	150	0.9388995321415243
s3c2_gene13	-1	574934	0.7878923819017022	-0.022150317791901866	0	two.sided	spearman	150	0.9030285179389136
s3c2_gene14	-1	569162	0.8851915690808473	-0.01188852837903907	0	two.sided	spearman	150	0.9367106551120077
s3c2_gene15	-1	565900.0000000001	0.9410473984510181	-0.00608915951820081	0	two.sided	spearman	150	0.9674311019753071
s3c2_gene2	-1	562954	0.9917479482204546	-8.515934041512958e-4	0	two.sided	spearman	150	0.9917479482204546
s3c2_gene3	-1	567926	0.9063045173192785	-0.009691097382105872	0	two.sided	spearman	150	0.9422442623508791
s3c2_gene4	-1	579470	0.7135885386633147	-0.030214676207831463	0	two.sided	spearman	150	0.8725730634447898
s3c2_gene5	-1	573198.0000000001	0.8168854582195633	-0.019063958398151032	0	two.sided	spearman	150	0.9036001681155719
s3c2_gene6	-1	575068	0.7856659356695134	-0.02238855060224899	0	two.sided	spearman	150	0.9030285179389136
s3c2_gene7	-1	568070	0.9038410909670214	-0.009947108760389352	0	two.sided	spearman	150	0.9422442623508791
s3c2_gene8	-1	553102	0.8396068292288054	0.016663851726743412	0	two.sided	spearman	150	0.9119377929751444
s3c2_gene9	-1	569772.0000000001	0.874800468311776	-0.012973021023156587	0	two.sided	spearman	150	0.9345002345156495
s3c3_gene1	-1	550516	0.7962150335542152	0.021261389395084228	0	two.sided	spearman	150	0.9036001681155719
s3c3_gene10	-1	557650	0.9170236512954628	0.008578159029290192	0	two.sided	spearman	150	0.9502835764719821
s3c3_gene11	-1	565676	0.9448966988216088	-0.005690919596426509	0	two.sided	spearman	150	0.9674311019753071
s3c3_gene12	-1	556824	0.9028833378800913	0.010046668740832926	0	two.sided	spearman	150	0.9422442623508791
s3c3_gene13	-1	549686	0.7824124704193063	0.022737010533801505	0	two.sided	spearman	150	0.9022223851058759
s3c3_gene14	-1	545198	0.7090486651854686	0.030716031823636608	0	two.sided	spearman	150	0.869998362190759
s3c3_gene15	-1	551350	0.8101479631174184	0.01977865682919241	0	two.sided	spearman	150	0.9036001681155719
s3c3_gene2	-1	552108	0.822863216373175	0.01843104137961687	0	two.sided	spearman	150	0.9036001681155719
s3c3_gene3	-1	564066	0.9725956358590211	-0.0028285701586737194	0	two.sided	spearman	150	0.978419366078976
s3c3_gene4	-1	548348	0.7603058727172846	0.0251157829236855	0	two.sided	spearman	150	0.8960604839211158
s3c3_gene5	-1	551044	0.805028711383179	0.020322681008044803	0	two.sided	spearman	150	0.9036001681155719
s3c3_gene6	-1	549702	0.7826779190793474	0.02270856482510334	0	two.sided	spearman	150	0.9022223851058759
s3c3_gene7	-1	560294	0.9624395406341275	0.0038775056669185302	0	two.sided	spearman	150	0.9721611521556844
s3c3_gene8	-1	565746	0.9436936514375721	-0.005815369571980977	0	two.sided	spearman	150	0.9674311019753071
s3c3_gene9	-1	551462	0.8120237000387966	0.019579536868305263	0	two.sided	spearman	150	0.9036001681155719
universal_gene1	-1	555706	0.8837935549170313	0.012034312636117163	0	two.sided	spearman	150	0.9367106551120077
universal_gene10	-1	639048	0.0966910839983405	-0.13613582825903375	0	two.sided	spearman	150	0.17500648687482445
universal_gene2	-1	543040	0.6746556411833264	0.034552646784301526	0	two.sided	spearman	150	0.8380815418426415
universal_gene3	-1	601328	0.40095320032819237	-0.06907507000311126	0	two.sided	spearman	150	0.5769110796089099
universal_gene4	-1	632603.9999999999	0.12846888197627415	-0.12467931908084805	0	two.sided	spearman	150	0.22439979384502037
universal_gene5	-1	550364	0.793682472141352	0.02153162362771679	0	two.sided	spearman	150	0.9036001681155719
universal_gene6	-1	595694.0000000001	0.4728229265232161	-0.059058624827770134	0	two.sided	spearman	150	0.6566985090600224
universal_gene7	-1	446270	0.011195671592446589	0.20659584870438688	0	two.sided	spearman	150	0.021123908664993564
universal_gene8	-1	540664	0.6375538658135529	0.03877683452597894	0	two.sided	spearman	150	0.8085023119380517
universal_gene9	-1	544242	0.6937349612803263	0.03241566291835193	0	two.sided	spearman	150	0.8556349676928484
