geneFamily	cluster	statistic	p.value	estimate	null.value	alternative	method	conf.int	conf.int.low	conf.int.high	nObs	q.valueBH
s1c1_gene1	1	-0.11098387818359574	0.9117794962236593	-0.009122438986972046	0	two.sided	pearson	FALSE	-0.16913669143942314	0.15136037247940912	150	0.9280198434846405
s1c1_gene10	1	0.6998524934253644	0.4851180172464842	0.05743256497417392	0	two.sided	pearson	FALSE	-0.10378421510099915	0.21570865898726388	150	0.685679176320119
s1c1_gene11	1	0.6945227087477549	0.4884432950427511	0.056996608835407955	0	two.sided	pearson	FALSE	-0.10421687219558858	0.215291583483814	150	0.6874756770043222
s1c1_gene12	1	-0.13189131219047037	0.8952493921803144	-0.010840762008419215	0	two.sided	pearson	FALSE	-0.17080553803538456	0.14968081324518653	150	0.9184551317972133
s1c1_gene13	1	-1.415915072521436	0.158901436533097	-0.11560712589047684	0	two.sided	pearson	FALSE	-0.2708505034316568	0.04549734672345998	150	0.2626470025340446
s1c1_gene14	1	0.4058946382511882	0.6854062458998129	0.033345778996279045	0	two.sided	pearson	FALSE	-0.12759763479674616	0.19257815880098803	150	0.7722887277744371
s1c1_gene15	1	-0.11924216528095936	0.9052452050847131	-0.009801174808960542	0	two.sided	pearson	FALSE	-0.1697959937774593	0.15069705901763472	150	0.9258528791347356
s1c1_gene2	1	1.9229103335556545	0.05641175702279588	0.15612401128123413	0	two.sided	pearson	FALSE	-0.004243695057483124	0.3086625919429496	150	0.09810740351790588
s1c1_gene3	1	0.4464265746180456	0.6559416426334476	0.03667135588340971	0	two.sided	pearson	FALSE	-0.12432080464853061	0.19578226826689998	150	0.7561286946783258
s1c1_gene4	1	0.35592515069066427	0.7224034485671242	0.02924435378114533	0	two.sided	pearson	FALSE	-0.13163410792101904	0.18862185751202165	150	0.8071546911364517
s1c1_gene5	1	0.9894395330111009	0.3240630061454387	0.08106376019485477	0	two.sided	pearson	FALSE	-0.08024019871287902	0.23823034032668194	150	0.5083341272869627
s1c1_gene6	1	0.859943200192302	0.391211189167461	0.07051095629419271	0	two.sided	pearson	FALSE	-0.09077636037595664	0.2281938478990268	150	0.5949980063383437
s1c1_gene7	1	-0.05975755300575193	0.952429347370979	-0.004911981340859634	0	two.sided	pearson	FALSE	-0.16504358499751803	0.1554719326526195	150	0.9620498458292718
s1c1_gene8	1	-0.3620541566972083	0.7178279908258751	-0.029747497630660973	0	two.sided	pearson	FALSE	-0.1891074767819816	0.13113921901212944	150	0.8062955761083916
s1c1_gene9	1	-1.112896890661321	0.2675570378064553	-0.09109917288969258	0	two.sided	pearson	FALSE	-0.2477437170407581	0.07018706288007277	150	0.4280912604903285
s2c1_gene1	1	19.496765576002755	1.0075784077158518e-42	0.848388303137447	0	two.sided	pearson	FALSE	0.7964098490427713	0.8879241116389068	150	8.57513538481576e-42
s2c1_gene10	1	19.368111088554528	2.040776799723178e-42	0.8468082063695413	0	two.sided	pearson	FALSE	0.7943483046384974	0.8867308070483975	150	1.4321240699811776e-41
s2c1_gene11	1	19.43156318666814	1.4404894916931125e-42	0.8475903244035173	0	two.sided	pearson	FALSE	0.7953685791423831	0.8873215367690518	150	1.143717036903935e-41
s2c1_gene12	1	19.37285919863135	1.9882330978109114e-42	0.8468669230312204	0	two.sided	pearson	FALSE	0.7944248903639218	0.8867751599674336	150	1.4201664984363653e-41
s2c1_gene13	1	19.476750639087143	1.1243592343674924e-42	0.8481439635960364	0	two.sided	pearson	FALSE	0.7960909814784509	0.8877396187937339	150	9.36966028639577e-42
s2c1_gene14	1	19.40250881710478	1.6894906649681943e-42	0.8472328803887905	0	two.sided	pearson	FALSE	0.794902256005728	0.8870515773243693	150	1.251474566643107e-41
s2c1_gene15	1	19.413205253876647	1.5931530668898783e-42	0.8473646083104289	0	two.sided	pearson	FALSE	0.7950741016761953	0.8871510679513845	150	1.2255023591460603e-41
s2c1_gene2	1	19.429330874207807	1.458239222052517e-42	0.8475629020188249	0	two.sided	pearson	FALSE	0.7953328015812442	0.8873008269887157	150	1.143717036903935e-41
s2c1_gene3	1	19.38286960742533	1.881863460810556e-42	0.8469906135751766	0	two.sided	pearson	FALSE	0.7945862287333032	0.8868685899295504	150	1.3686279714985862e-41
s2c1_gene4	1	19.355558339775996	2.1865035066773703e-42	0.8466528257862447	0	two.sided	pearson	FALSE	0.79414564559854794	0.8866134333687055	150	1.507933452880945e-41
s2c1_gene5	1	19.441647062347702	1.3629745268642437e-42	0.8477141131390116	0	two.sided	pearson	FALSE	0.795530088919936	0.887415021812533	150	1.112632266827954e-41
s2c1_gene6	1	19.34915826606143	2.2647797812314175e-42	0.8465735208737846	0	two.sided	pearson	FALSE	0.7940422146696832	0.8865535248687707	150	1.535443919478927e-41
s2c1_gene7	1	19.342668618422667	2.3470256703552606e-42	0.8464930484189006	0	two.sided	pearson	FALSE	0.7939372641197292	0.8864927330135226	150	1.5646837802368404e-41
s2c1_gene8	1	19.407255009103206	1.646042343402421e-42	0.847291349619544	0	two.sided	pearson	FALSE	0.7949785310090459	0.887095738049656	150	1.2422961082282422e-41
s2c1_gene9	1	19.51429718849927	9.153340680123061e-43	0.8486018820574095	0	two.sided	pearson	FALSE	0.7966885971086035	0.888085367720745	150	7.959426678367879e-42
s2c2_gene1	1	-19.060138722105105	1.1147249362029462e-41	-0.8429326577382108	0	two.sided	pearson	FALSE	-0.8838017001985234	-0.7892970070685732	150	6.655074245987739e-41
s2c2_gene10	1	-19.03969500423377	1.2482356157473354e-41	-0.8426706472328658	0	two.sided	pearson	FALSE	-0.8836035591906314	-0.7889557706306464	150	7.236148497086002e-41
s2c2_gene11	1	-19.07387110523231	1.0331887443677104e-41	-0.8431083184681922	0	two.sided	pearson	FALSE	-0.8839345324424529	-0.7895258021047917	150	6.45742965229819e-41
s2c2_gene12	1	-19.00418929658927	1.5194088677014449e-41	-0.8422141725698475	0	two.sided	pearson	FALSE	-0.8832583229350887	-0.7883613476953337	150	8.6823363868654e-41
s2c2_gene13	1	-18.997020046340843	1.5809650286925826e-41	-0.8421217816292749	0	two.sided	pearson	FALSE	-0.8831884413468585	-0.7882410481167472	150	8.906845232070887e-41
s2c2_gene14	1	-19.040369989212852	1.243581168294836e-41	-0.8426793075353711	0	two.sided	pearson	FALSE	-0.8836101086320254	-0.788967049079393	150	7.236148497086002e-41
s2c2_gene15	1	-19.063564778748457	1.0937968395002107e-41	-0.8429765081348908	0	two.sided	pearson	FALSE	-0.8838348598864469	-0.78935412005029	150	6.629071754546731e-41
s2c2_gene2	1	-19.15606463789455	6.560633023768073e-42	-0.8441540982414949	0	two.sided	pearson	FALSE	-0.884725200465076	-0.7908882203626915	150	4.3020544418151296e-41
s2c2_gene3	1	-18.939426092491747	2.17560690164304e-41	-0.84137686302225	0	two.sided	pearson	FALSE	-0.8826249418264529	-0.7872712615264044	150	1.160323680876288e-40
s2c2_gene4	1	-18.961674041278663	1.923079017560278e-41	-0.8416651874358554	0	two.sided	pearson	FALSE	-0.882843061152423	-0.7876465904504455	150	1.0395021716542044e-40
s2c2_gene5	1	-18.98419998672578	1.6973496870716226e-41	-0.8419563830204382	0	two.sided	pearson	FALSE	-0.8830633345111679	-0.7880256976444834	150	9.429720483731237e-41
s2c2_gene6	1	-19.104400057312873	8.72728355374682e-42	-0.8434978713455583	0	two.sided	pearson	FALSE	-0.8842290835001381	-0.7900332410754561	150	5.541132415077346e-41
s2c2_gene7	1	-18.98118033021783	1.725992256582623e-41	-0.841917390204631	0	two.sided	pearson	FALSE	-0.8830338396524723	-0.7879749305709259	150	9.457491816891085e-41
s2c2_gene8	1	-19.10839306868257	8.536807735243689e-42	-0.843548724413043	0	two.sided	pearson	FALSE	-0.8842675324357736	-0.7900994886524507	150	5.507617893705605e-41
s2c2_gene9	1	-19.07011021812359	1.05490437593689e-41	-0.8430602370891263	0	two.sided	pearson	FALSE	-0.883898174615451	-0.7894631754669241	150	6.491719236534708e-41
s3c1_gene1	1	129.9026133930681	2.095218003888462e-154	0.995643370601733	0	two.sided	pearson	FALSE	0.9939854725142225	0.9968449939394176	150	1.396812002592308e-152
s3c1_gene10	1	130.41029715804888	1.1821556376956369e-154	0.9956770058458114	0	two.sided	pearson	FALSE	0.9940318692387101	0.996869366635041	150	1.1474026749310684e-152
s3c1_gene11	1	128.22940727397943	1.4035148511972727e-153	0.995529699769681	0	two.sided	pearson	FALSE	0.9938286784643606	0.9967626243574086	150	4.0100424319922075e-152
s3c1_gene12	1	126.54255044910268	9.788824791747481e-153	0.9954105487346901	0	two.sided	pearson	FALSE	0.9936643324874795	0.9966762808637506	150	2.6103532777993285e-151
s3c1_gene13	1	131.1992237594301	4.8787517035877e-155	0.9957285079168265	0	two.sided	pearson	FALSE	0.9941029127604323	0.9969066855118711	150	9.2592799954832e-153
s3c1_gene14	1	128.77710590051328	7.510735850414494e-154	0.9955673920347858	0	two.sided	pearson	FALSE	0.993880669262391	0.9967899376854454	150	3.0042943401657975e-152
s3c1_gene15	1	132.46522854551392	1.1918818963843923e-155	0.9958092552114219	0	two.sided	pearson	FALSE	0.9942143008412684	0.9969651946786751	150	4.7675275855375694e-153
s3c1_gene2	1	128.51161918630743	1.0166274244151452e-153	0.9955491810584742	0	two.sided	pearson	FALSE	0.9938555498723546	0.996776741316662	150	3.3887580813838174e-152
s3c1_gene3	1	128.641381486592	8.767286244171394e-154	0.9955580960238721	0	two.sided	pearson	FALSE	0.9938678467471735	0.9967832014492887	150	3.188104088789598e-152
s3c1_gene4	1	130.23860535868963	1.4342533436638354e-154	0.9956656744881277	0	two.sided	pearson	FALSE	0.9940162386068848	0.9968611557571937	150	1.1474026749310684e-152
s3c1_gene5	1	130.88394736108054	6.9444599966124e-155	0.9957080370399627	0	two.sided	pearson	FALSE	0.9940746744437541	0.9968918521888445	150	9.2592799954832e-153
s3c1_gene6	1	129.07654267798705	5.34206219418356e-154	0.9955877982994281	0	two.sided	pearson	FALSE	0.9939088169402853	0.9968047247650527	150	2.374249864081582e-152
s3c1_gene7	1	129.74162546401809	2.5133093475681175e-154	0.9956326229480229	0	two.sided	pearson	FALSE	0.9939706472402734	0.9968372059507603	150	1.4361767700389243e-152
s3c1_gene8	1	129.1967776026771	4.6600113608687484e-154	0.995595952622626	0	two.sided	pearson	FALSE	0.9939200647858302	0.9968106336441356	150	2.3300056804343743e-152
s3c1_gene9	1	128.34003398426654	1.236743131879359e-153	0.9955373515897024	0	two.sided	pearson	FALSE	0.993839232936196	0.996768169196316	150	3.8053634827057203e-152
s3c2_gene1	1	-7.979868488003852	3.7131784306042434e-13	-0.548475917624657	0	two.sided	pearson	FALSE	-0.6514732167360735	-0.42562681272584374	150	1.1882170977933579e-12
s3c2_gene10	1	-7.954534443041875	4.285677324289094e-13	-0.5472567209138731	0	two.sided	pearson	FALSE	-0.6504693545192253	-0.42419924935382625	150	1.3288921935780137e-12
s3c2_gene11	1	-8.00923635573955	3.143874417008508e-13	-0.5498848762760249	0	two.sided	pearson	FALSE	-0.6526328760886754	-0.4272773312968256	150	1.0392973279366969e-12
s3c2_gene12	1	-7.918884145095378	5.24235564881139e-13	-0.5455351375776893	0	two.sided	pearson	FALSE	-0.6490512228355171	-0.4221844800900219	150	1.5648822832272807e-12
s3c2_gene13	1	-7.980129216955453	3.7076995969416067e-13	-0.5484884470184419	0	two.sided	pearson	FALSE	-0.6514835313167205	-0.4256414866291757	150	1.1882170977933579e-12
s3c2_gene14	1	-7.964850811521625	4.042682671360281e-13	-0.5477536157974416	0	two.sided	pearson	FALSE	-0.6508785313785042	-0.4247809921646745	150	1.263338334800088e-12
s3c2_gene15	1	-7.952923756048436	4.324901440858875e-13	-0.5471790888050803	0	two.sided	pearson	FALSE	-0.6504054215779175	-0.42410837024696824	150	1.330738904879654e-12
s3c2_gene2	1	-7.965621815461115	4.025080955372354e-13	-0.547790728468723	0	two.sided	pearson	FALSE	-0.6509090900581358	-0.42482444613438947	150	1.263338334800088e-12
s3c2_gene3	1	-7.950899396369833	4.3747047579115496e-13	-0.5470814984138265	0	two.sided	pearson	FALSE	-0.65032505017056	-0.42399413073001485	150	1.3357877123394046e-12
s3c2_gene4	1	-7.907896462538944	5.577853034951859e-13	-0.5450031358764822	0	two.sided	pearson	FALSE	-0.6486128478560171	-0.42156212479116134	150	1.6526971955412915e-12
s3c2_gene5	1	-7.965607239594701	4.0254130107304764e-13	-0.547790026881883	0	two.sided	pearson	FALSE	-0.6509085123726249	-0.4248236246648679	150	1.263338334800088e-12
s3c2_gene6	1	-7.9467288141220696	4.479109370366209e-13	-0.5468803725216428	0	two.sided	pearson	FALSE	-0.6501594039189486	-0.42375870469205024	150	1.357305869807942e-12
s3c2_gene7	1	-7.991587859038048	3.47467069653144e-13	-0.5490387300512433	0	two.sided	pearson	FALSE	-0.6519365036047664	-0.4262860188993948	150	1.1392362939447346e-12
s3c2_gene8	1	-7.941602118011495	4.610839963092006e-13	-0.5466330083420051	0	two.sided	pearson	FALSE	-0.6499556625877039	-0.42346917766763015	150	1.3867187858923324e-12
s3c2_gene9	1	-7.987432807445102	3.5574414078599697e-13	-0.5488392727485564	0	two.sided	pearson	FALSE	-0.6517723263426815	-0.4260523853227268	150	1.1568915147512096e-12
s3c3_gene1	1	-5.670046618611616	7.25092330441182e-8	-0.42244501056281997	0	two.sided	pearson	FALSE	-0.5457578147000206	-0.2812227366561536	150	1.542703183808828e-7
s3c3_gene10	1	-5.721956469802001	5.649830867199087e-8	-0.4256145501716791	0	two.sided	pearson	FALSE	-0.5484654471324255	-0.2847776008281452	150	1.241721069714085e-7
s3c3_gene11	1	-5.732191081061709	5.377782508055382e-8	-0.42623762137565735	0	two.sided	pearson	FALSE	-0.5489974133388315	-0.2854768754028875	150	1.1884602227746701e-7
s3c3_gene12	1	-5.669686278651513	7.263458567211e-8	-0.42242295428639376	0	two.sided	pearson	FALSE	-0.5457389637291279	-0.28119801254479043	150	1.542703183808828e-7
s3c3_gene13	1	-5.668946139939867	7.289272543496713e-8	-0.4223776483143903	0	two.sided	pearson	FALSE	-0.5457002414090703	-0.2811472271399953	150	1.542703183808828e-7
s3c3_gene14	1	-5.638163561757354	8.446137324151797e-8	-0.420490556687598	0	two.sided	pearson	FALSE	-0.5440869051582313	-0.2790326077253741	150	1.7414716132271744e-7
s3c3_gene15	1	-5.7081757362933265	6.037514071737683e-8	-0.42477463796345144	0	two.sided	pearson	FALSE	-0.5477481888331108	-0.2838352021356127	150	1.3106285246803235e-7
s3c3_gene2	1	-5.664069170210215	7.461625851851514e-8	-0.42207903612303105	0	two.sided	pearson	FALSE	-0.5454450089690454	-0.2808125197306229	150	1.5626441574558145e-7
s3c3_gene3	1	-5.666444928391515	7.377173714129246e-8	-0.42222451869428573	0	two.sided	pearson	FALSE	-0.5455693599708114	-0.2809755834441006	150	1.553089202974578e-7
s3c3_gene4	1	-5.66170412268689	7.546636388938984e-8	-0.42193417703590536	0	two.sided	pearson	FALSE	-0.5453211854929462	-0.28065016295035145	150	1.5722159143622885e-7
s3c3_gene5	1	-5.707346438085315	6.061656926646496e-8	-0.4247240586129242	0	two.sided	pearson	FALSE	-0.5477049899059007	-0.28377845975942	150	1.3106285246803235e-7
s3c3_gene6	1	-5.658393484248848	7.667229052640712e-8	-0.4217313462452837	0	two.sided	pearson	FALSE	-0.545147799584554	-0.28042284558425984	150	1.589063016091339e-7
s3c3_gene7	1	-5.681272095118473	6.870845264779038e-8	-0.4231317419977267	0	two.sided	pearson	FALSE	-0.5463446851636357	-0.28199262605600284	150	1.477601132210546e-7
s3c3_gene8	1	-5.615466182811503	9.412323217472071e-8	-0.41909561349752655	0	two.sided	pearson	FALSE	-0.5428937348763527	-0.27747035676478643	150	1.9307329676865785e-7
s3c3_gene9	1	-5.711218072485066	5.9497476113554785e-8	-0.42496015764750567	0	two.sided	pearson	FALSE	-0.5479066322954975	-0.28404333559349826	150	1.3004912811705965e-7
universal_gene1	1	-0.9836651564377066	0.32688550549284434	-0.0805937533178949	0	two.sided	pearson	FALSE	-0.23778404233612652	0.08071023256946377	150	0.5107586023325693
universal_gene10	1	0.09307113429254599	0.925972920448584	0.007650176238667244	0	two.sided	pearson	FALSE	-0.15279868560403378	0.16770608995753897	150	0.937694096656794
universal_gene2	1	-0.4516786605165646	0.6521617047331429	-0.03710219385757399	0	two.sided	pearson	FALSE	-0.19619712137242198	0.12389602485838491	150	0.7539441673215526
universal_gene3	1	-0.52623162974951	0.5995149762646877	-0.04321556253259294	0	two.sided	pearson	FALSE	-0.2020775417440829	0.11786225315362844	150	0.7418774815496533
universal_gene4	1	-1.6734474438950042	0.09635154221355667	-0.13627330623507425	0	two.sided	pearson	FALSE	-0.29019711095922446	0.02452380439001388	150	0.1633076986670452
universal_gene5	1	-1.0822960884945214	0.28088121292466217	-0.0886142073808046	0	two.sided	pearson	FALSE	-0.2453908284957755	0.07267947261420155	150	0.44761946282814685
universal_gene6	1	-1.7041233180413635	0.0904566163554013	-0.13872367678629094	0	two.sided	pearson	FALSE	-0.2924827075301073	0.022027567838661454	150	0.15396870869004475
universal_gene7	1	-1.1188728881898777	0.26500705474428715	-0.0915842620361164	0	two.sided	pearson	FALSE	-0.248202808033847	0.06970028551251907	150	0.42571414416752956
universal_gene8	1	-1.9370671545263296	0.054641840269070874	-0.15724510595452745	0	two.sided	pearson	FALSE	-0.3097020353906866	0.003094400220422673	150	0.09544426247872642
universal_gene9	1	-1.587868780058135	0.11445012309815435	-0.12942423013473942	0	two.sided	pearson	FALSE	-0.28379927005371886	0.03149046260503237	150	0.19235314806412496
s1c1_gene1	2	-0.1942148091776851	0.846274011383345	-0.01596232501872039	0	two.sided	pearson	FALSE	-0.1757741950996893	0.14466928645539145	150	0.8985638820113256
s1c1_gene10	2	-1.0516800488666065	0.2946604713768584	-0.08612634758601335	0	two.sided	pearson	FALSE	-0.24303334773224697	0.07517276882586105	150	0.46771503393152125
s1c1_gene11	2	0.6823559005890785	0.4960805140933804	0.05600128836924764	0	two.sided	pearson	FALSE	-0.10520443206775468	0.21433915244520949	150	0.6938189008299026
s1c1_gene12	2	1.731272932578889	0.08548700962480661	0.14089024998819744	0	two.sided	pearson	FALSE	-0.01981876993127062	0.29450212829531414	150	0.14675881480653497
s1c1_gene13	2	1.0006053812648261	0.3186507866405203	0.08197245366646859	0	two.sided	pearson	FALSE	-0.07933124961725646	0.2390930077583371	150	0.5018122624260163
s1c1_gene14	2	0.8603023213143163	0.39101389380075824	0.07054025590327172	0	two.sided	pearson	FALSE	-0.0907471568740117	0.22822176045273446	150	0.5949980063383437
s1c1_gene15	2	0.21366119680993026	0.8311053326909921	0.01756013415804149	0	two.sided	pearson	FALSE	-0.1431041176744332	0.17732263656446462	150	0.8985638820113256
s1c1_gene2	2	-1.3723308871617095	0.1720367180813696	-0.11209396372964806	0	two.sided	pearson	FALSE	-0.26754914358513887	0.04904869033145395	150	0.28013354833410437
s1c1_gene3	2	-0.4234143251832379	0.672607665310156	-0.03478338209937272	0	two.sided	pearson	FALSE	-0.19396366990131145	0.1261815352686871	150	0.763055470385551
s1c1_gene4	2	0.03703955769849172	0.9705033776079841	0.0030446187764804327	0	two.sided	pearson	FALSE	-0.15729365657868416	0.16322650104778713	150	0.9759266599378811
s1c1_gene5	2	-0.6161157835449385	0.5387645459537069	-0.05057958231011172	0	two.sided	pearson	FALSE	-0.20914578098931752	0.11057828721505888	150	0.7089007183601408
s1c1_gene6	2	-0.4406890073220523	0.6600811757616911	-0.03620066964050908	0	two.sided	pearson	FALSE	-0.19532898023175105	0.1247848049454671	150	0.7587139951283806
s1c1_gene7	2	-0.43528385627741856	0.6639905185345055	-0.03575723140402373	0	two.sided	pearson	FALSE	-0.19490187081600344	0.12522187987554464	150	0.7588463068965777
s1c1_gene8	2	-0.4618027299324985	0.644900869075882	-0.03793263074504464	0	two.sided	pearson	FALSE	-0.196996586893446	0.12307709856279848	150	0.7477111525517472
s1c1_gene9	2	0.817210689178911	0.4151216158705029	0.06702325761618771	0	two.sided	pearson	FALSE	-0.09425063824550185	0.22486940544932757	150	0.62659866546491
s2c1_gene1	2	-4.497612660331329	1.3795736775554128e-5	-0.34676259083141175	0	two.sided	pearson	FALSE	-0.4803308347051308	-0.19747530064051447	150	2.815456484806965e-5
s2c1_gene10	2	-4.453734500115284	1.653000179734673e-5	-0.34378117042116635	0	two.sided	pearson	FALSE	-0.47772261908865077	-0.19422018489159654	150	3.213350966261935e-5
s2c1_gene11	2	-4.49316324480154	1.4051795048344402e-5	-0.34646073975953595	0	two.sided	pearson	FALSE	-0.4800668758307289	-0.19714558970053653	150	2.853156354993787e-5
s2c1_gene12	2	-4.4610361532108636	1.604137710012552e-5	-0.34427802572215893	0	two.sided	pearson	FALSE	-0.4781574436350832	-0.1947624230535588	150	3.1765103168565384e-5
s2c1_gene13	2	-4.437404643783029	1.767518706289943e-5	-0.3426689280815024	0	two.sided	pearson	FALSE	-0.4767489986114827	-0.19300668132598786	150	3.3667022976951296e-5
s2c1_gene14	2	-4.453458388341539	1.6548757476248966e-5	-0.34376237618412775	0	two.sided	pearson	FALSE	-0.47770616996220144	-0.1941996757790696	150	3.213350966261935e-5
s2c1_gene15	2	-4.441498783711495	1.738110148267931e-5	-0.3429479195248926	0	two.sided	pearson	FALSE	-0.47699324948736943	-0.19331102981162623	150	3.3425195158998675e-5
s2c1_gene2	2	-4.455055044261016	1.644058269174407e-5	-0.3438710508417085	0	two.sided	pearson	FALSE	-0.47780128309588826	-0.19431826823662987	150	3.213350966261935e-5
s2c1_gene3	2	-4.4427991086207	1.7288687522603777e-5	-0.3430365100018465	0	two.sided	pearson	FALSE	-0.47707080417169134	-0.19340767814573856	150	3.340809183111841e-5
s2c1_gene4	2	-4.464832103670951	1.5792877578917654e-5	-0.34453621441545823	0	two.sided	pearson	FALSE	-0.4783833724060829	-0.19504423084120528	150	3.142861209734857e-5
s2c1_gene5	2	-4.4853267231835	1.4513951023395034e-5	-0.34592884357890974	0	two.sided	pearson	FALSE	-0.47960169115998585	-0.1965646834262276	150	2.9321113178575828e-5
s2c1_gene6	2	-4.468644035000764	1.5547064075765116e-5	-0.34479541142450015	0	two.sided	pearson	FALSE	-0.4786101656850027	-0.19532716401524738	150	3.109412815153023e-5
s2c1_gene7	2	-4.4385248235299	1.7594251128751533e-5	-0.3427452707256919	0	two.sided	pearson	FALSE	-0.47681583697591107	-0.19308995975710175	150	3.3667022976951296e-5
s2c1_gene8	2	-4.454936777785265	1.644857194454652e-5	-0.34386300163574757	0	two.sided	pearson	FALSE	-0.4777942384590025	-0.19430948429905676	150	3.213350966261935e-5
s2c1_gene9	2	-4.481655297195644	1.4735475886670613e-5	-0.345679534344203	0	two.sided	pearson	FALSE	-0.47938362493569386	-0.19629243837381236	150	2.961904700838314e-5
s2c2_gene1	2	4.401210874714034	2.049185673290608e-5	0.34019859579939965	0	two.sided	pearson	FALSE	0.1903130807347792	0.4745853733506305	150	3.742804882722571e-5
s2c2_gene10	2	4.424293589152281	1.864953746662373e-5	0.3417748771043752	0	two.sided	pearson	FALSE	0.19203156560263568	0.47596613712856145	150	3.526006931598185e-5
s2c2_gene11	2	4.404381414316851	2.022881008932767e-5	0.34041527717998704	0	two.sided	pearson	FALSE	0.19054925549358673	0.47477521739578693	150	3.7288129196917365e-5
s2c2_gene12	2	4.362553142575904	2.397570926044774e-5	0.33755229014801086	0	two.sided	pearson	FALSE	0.18743010373496544	0.47226581988334587	150	4.262348312968487e-5
s2c2_gene13	2	4.37138140202738	2.3133179049110303e-5	0.3381573349185779	0	two.sided	pearson	FALSE	0.18808903246734476	0.47279632141701156	150	4.149449156791086e-5
s2c2_gene14	2	4.377121886394818	2.2600680628205716e-5	0.3385505342192273	0	two.sided	pearson	FALSE	0.18851732167265917	0.47314102512964895	150	4.072194707784814e-5
s2c2_gene15	2	4.410761337930326	1.970930244752311e-5	0.3408511303103482	0	two.sided	pearson	FALSE	0.19102437197327304	0.4751570495415272	150	3.68398176589217e-5
s2c2_gene2	2	4.423791796705828	1.868783673747038e-5	0.3417406411012309	0	two.sided	pearson	FALSE	0.19199423125419698	0.4759361546900374	150	3.526006931598185e-5
s2c2_gene3	2	4.367816527897576	2.3469911660960687e-5	0.3379130666867433	0	two.sided	pearson	FALSE	0.1878229939802199	0.47258215947327403	150	4.19105565374298e-5
s2c2_gene4	2	4.404531626137549	2.0216428553935297e-5	0.3404255416283295	0	two.sided	pearson	FALSE	0.1905604437962587	0.47478421021825484	150	3.7288129196917365e-5
s2c2_gene5	2	4.399396610222025	2.064385539577938e-5	0.340074580744336	0	two.sided	pearson	FALSE	0.1901779166784616	0.4744767127047588	150	3.753428253778069e-5
s2c2_gene6	2	4.405036234601252	2.017488845513159e-5	0.34046002222795807	0	two.sided	pearson	FALSE	0.19059802811624615	0.4748144189340283	150	3.7288129196917365e-5
s2c2_gene7	2	4.394896650334554	2.1025555418436754e-5	0.33976690690691475	0	two.sided	pearson	FALSE	0.18984260737989186	0.4742071145388875	150	3.805530392477241e-5
s2c2_gene8	2	4.403030562341688	2.0340485201331463e-5	0.3403229637278929	0	two.sided	pearson	FALSE	0.19044863509492588	0.47469433906703823	150	3.7321991195103605e-5
s2c2_gene9	2	4.412954231128064	1.9533720557750762e-5	0.34100089005876666	0	two.sided	pearson	FALSE	0.1911876388707011	0.47528823592861125	150	3.6683043300940396e-5
s3c1_gene1	2	-8.678697548138379	6.688388627818842e-15	-0.5807523114528973	0	two.sided	pearson	FALSE	-0.6779184417765322	-0.4636430918023453	150	3.147477001326514e-14
s3c1_gene10	2	-8.686481922192879	6.39183826174853e-15	-0.5810973737549606	0	two.sided	pearson	FALSE	-0.6781998117488727	-0.46405186137492527	150	3.0738714416788356e-14
s3c1_gene11	2	-8.697341990394927	5.999833610488244e-15	-0.5815782509911306	0	two.sided	pearson	FALSE	-0.6785918801696619	-0.464621603924172	150	2.9999168052441217e-14
s3c1_gene12	2	-8.7019940679132	5.839313175458542e-15	-0.58178405585267845	0	two.sided	pearson	FALSE	-0.6787596599240828	-0.46486547077485485	150	2.956614266054958e-14
s3c1_gene13	2	-8.693629230926895	6.131084024910665e-15	-0.5814139207785664	0	two.sided	pearson	FALSE	-0.6784579048175593	-0.4644268948697717	150	3.027695814770699e-14
s3c1_gene14	2	-8.654120424877071	7.717393404746822e-15	-0.579660810533185	0	two.sided	pearson	FALSE	-0.677028224915359	-0.46235040024590485	150	3.429952624331921e-14
s3c1_gene15	2	-8.669686455733414	7.048786907260063e-15	-0.5803524804536646	0	two.sided	pearson	FALSE	-0.6775923768202715	-0.4631695041807171	150	3.240821566556351e-14
s3c1_gene2	2	-8.713397536010929	5.463666953283695e-15	-0.5822880654523828	0	two.sided	pearson	FALSE	-0.6791705044871561	-0.46546276791259217	150	2.862208325938297e-14
s3c1_gene3	2	-8.686799856974249	6.380008217734524e-15	-0.5811114603711885	0	two.sided	pearson	FALSE	-0.6782112976228658	-0.4640685497976352	150	3.0738714416788356e-14
s3c1_gene4	2	-8.703269085167113	5.7960689143801e-15	-0.5818404422784438	0	two.sided	pearson	FALSE	-0.6788056264623851	-0.4649322885224229	150	2.956614266054958e-14
s3c1_gene5	2	-8.654431293605478	7.70344287646695e-15	-0.5796746361305762	0	two.sided	pearson	FALSE	-0.6770395027115367	-0.4623667711255391	150	3.429952624331921e-14
s3c1_gene6	2	-8.684790817900552	6.455130027525554e-15	-0.5810224378580402	0	two.sided	pearson	FALSE	-0.6781387100982555	-0.4639630861694269	150	3.0738714416788356e-14
s3c1_gene7	2	-8.711957317351995	5.509751027431221e-15	-0.5822244477854682	0	two.sided	pearson	FALSE	-0.6791186497500137	-0.46538736933241354	150	2.862208325938297e-14
s3c1_gene8	2	-8.664992800567552	7.244089397180011e-15	-0.5801440519833893	0	two.sided	pearson	FALSE	-0.6774223867956817	-0.4629226535484419	150	3.292767907809096e-14
s3c1_gene9	2	-8.674295065174228	6.8621173556149416e-15	-0.5805570214400875	0	two.sided	pearson	FALSE	-0.6777591861911936	-0.46341176837917475	150	3.191682490983694e-14
s3c2_gene1	2	98.01472067969964	1.6454200920566458e-136	0.9923850639016744	0	two.sided	pearson	FALSE	0.9894937578377211	0.9944828923072626	150	4.1135502301416146e-135
s3c2_gene10	2	96.21814892564636	2.438393558134389e-135	0.9921014308461078	0	two.sided	pearson	FALSE	0.9891030214863167	0.9942771724982448	150	4.063989263557315e-134
s3c2_gene11	2	97.29374269648015	4.826356995627207e-136	0.992273097040066	0	two.sided	pearson	FALSE	0.9893395058796564	0.9944016843726234	150	1.1356134107358134e-134
s3c2_gene12	2	96.02474834403797	3.2689162871811996e-135	0.9920699601020395	0	two.sided	pearson	FALSE	0.9890596696092917	0.9942543456893758	150	5.029101980278769e-134
s3c2_gene13	2	96.63699097081779	1.2949753388194116e-135	0.9921689496869595	0	two.sided	pearson	FALSE	0.9891960324330666	0.994326145556387	150	2.589950677638823e-134
s3c2_gene14	2	96.33039738388791	2.0574691561870015e-135	0.9921196107597096	0	two.sided	pearson	FALSE	0.9891280650897968	0.9942903589218971	150	3.5782072281513066e-134
s3c2_gene15	2	96.03114480046699	3.237349279645451e-135	0.9920710039465687	0	two.sided	pearson	FALSE	0.9890611075275431	0.9942551028287607	150	5.029101980278769e-134
s3c2_gene2	2	95.54868780511312	6.742439950225609e-135	0.9919916912644989	0	two.sided	pearson	FALSE	0.9889518542345507	0.9941975737585174	150	9.63205707175087e-134
s3c2_gene3	2	95.79144634247425	4.6590629452625574e-135	0.9920317465468916	0	two.sided	pearson	FALSE	0.9890070300103758	0.9942266278215397	150	6.902315474463048e-134
s3c2_gene4	2	95.09443181115824	1.349730577368124e-134	0.991915926332287	0	two.sided	pearson	FALSE	0.9888474910543475	0.9941426168529945	150	1.861697348093964e-133
s3c2_gene5	2	97.00251566584504	7.47046099122797e-136	0.9922271713677746	0	two.sided	pearson	FALSE	0.9892762379482103	0.9943683744239056	150	1.5727286297322043e-134
s3c2_gene6	2	96.36207160854562	1.9612451257318883e-135	0.9921247294512356	0	two.sided	pearson	FALSE	0.9891351163361813	0.9942940716467777	150	3.5782072281513066e-134
s3c2_gene7	2	97.21190624566054	5.456050815938299e-136	0.9922602327095348	0	two.sided	pearson	FALSE	0.9893217836630965	0.9943923538999276	150	1.2124557368751776e-134
s3c2_gene8	2	94.66971574367163	2.590232941998502e-134	0.9918441155464586	0	two.sided	pearson	FALSE	0.9887485773350841	0.9940905270669547	150	3.4536439226646693e-133
s3c2_gene9	2	96.34562614124935	2.0106260457467882e-135	0.9921220724129138	0	two.sided	pearson	FALSE	0.9891314561350237	0.9942921444259484	150	3.5782072281513066e-134
s3c3_gene1	2	-6.784551175167921	2.6102009652933624e-10	-0.4870645596880723	0	two.sided	pearson	FALSE	-0.60045587549947	-0.35447233183142657	150	7.404825433456347e-10
s3c3_gene10	2	-6.727288543240827	3.5298258715539325e-10	-0.4839194751674777	0	two.sided	pearson	FALSE	-0.5978180179290006	-0.3508691396910832	150	9.476042608198477e-10
s3c3_gene11	2	-6.71599387900261	3.745789438659048e-10	-0.48329690221247334	0	two.sided	pearson	FALSE	-0.5972955584841819	-0.3501563506558546	150	9.988771836424127e-10
s3c3_gene12	2	-6.7794574239868854	2.681365306899457e-10	-0.48678555488281117	0	two.sided	pearson	FALSE	-0.6002219672063834	-0.3541525284218236	150	7.500322536781697e-10
s3c3_gene13	2	-6.7768538824009585	2.718474813444354e-10	-0.4866428910960861	0	two.sided	pearson	FALSE	-0.6001023551634044	-0.3539890150321051	150	7.551318926234316e-10
s3c3_gene14	2	-6.8175053071813645	2.1927739409369167e-10	-0.4888659870071577	0	two.sided	pearson	FALSE	-0.6019656649319121	-0.3565379271050356	150	6.40225968156764e-10
s3c3_gene15	2	-6.741719431479889	3.2716812442516235e-10	-0.48471385202577877	0	two.sided	pearson	FALSE	-0.5984845136969844	-0.3517788523900989	150	8.910959054995546e-10
s3c3_gene2	2	-6.788486996501378	2.556492868873139e-10	-0.4872800380446568	0	two.sided	pearson	FALSE	-0.6006365120647031	-0.3547193406117577	150	7.30426533963754e-10
s3c3_gene3	2	-6.783035417082338	2.6311804956347246e-10	-0.48698155122795284	0	two.sided	pearson	FALSE	-0.60038628601168	-0.3543771818824049	150	7.411776044041477e-10
s3c3_gene4	2	-6.789101929563245	2.5482005645530806e-10	-0.48731369636480926	0	two.sided	pearson	FALSE	-0.6006647269549225	-0.3547579257430468	150	7.30426533963754e-10
s3c3_gene5	2	-6.741539782544791	3.2747774527108634e-10	-0.4847039702564853	0	two.sided	pearson	FALSE	-0.5984762236908112	-0.35176753434084135	150	8.910959054995546e-10
s3c3_gene6	2	-6.7956196515461125	2.461924483825395e-10	-0.4876703099465091	0	two.sided	pearson	FALSE	-0.6009636494593787	-0.35516676716464834	150	7.136012996595348e-10
s3c3_gene7	2	-6.767657915298088	2.853649444172534e-10	-0.4861386767211589	0	two.sided	pearson	FALSE	-0.599679571545416	-0.3534111772066343	150	7.872136397717336e-10
s3c3_gene8	2	-6.839851019277583	1.9479395583301246e-10	-0.4900839621868117	0	two.sided	pearson	FALSE	-0.6029860008670169	-0.35793524406383487	150	5.729233995088602e-10
s3c3_gene9	2	-6.739213837680447	3.3151264364224896e-10	-0.48457601257585	0	two.sided	pearson	FALSE	-0.598368875332939	-0.35162098197722047	150	8.959801179520242e-10
universal_gene1	2	0.13158184135039422	0.895493753502283	0.010815328135773515	0	two.sided	pearson	FALSE	-0.14970568010943613	0.17078084318140252	150	0.9184551317972133
universal_gene10	2	0.011846767020203973	0.9905638229248999	9.737977887641686e-4	0	two.sided	pearson	FALSE	-0.15931259113900972	0.1612101651916134	150	0.9930464390224559
universal_gene2	2	0.5999395643646344	0.5494639612469601	0.0492548722754596	0	two.sided	pearson	FALSE	-0.11188987470057783	0.2078754997840551	150	0.7148861480382717
universal_gene3	2	-1.782379012750672	0.07673766257795728	-0.14496307004956113	0	two.sided	pearson	FALSE	-0.2982946149392108	0.015662323325859692	150	0.1323063147895815
universal_gene4	2	2.1108355975837934	0.03646758649912954	0.1709553437167733	0	two.sided	pearson	FALSE	0.010995055213782233	0.3223843246863994	150	0.06397822192829744
universal_gene5	2	0.7805585133012398	0.4363088492286574	0.06402985407360952	0	two.sided	pearson	FALSE	-0.09722939373795705	0.2220131870746303	150	0.643810558089572
universal_gene6	2	1.0343145378746201	0.3026762564280386	0.0847145064609895	0	two.sided	pearson	FALSE	-0.07658679861517806	0.24169467077500348	150	0.47853953585460646
universal_gene7	2	1.3830646492596421	0.1687280201646107	0.11295956854137304	0	two.sided	pearson	FALSE	-0.04817405614201403	0.26836290161642723	150	0.27774159697878303
universal_gene8	2	1.3715409791900608	0.1722821322254742	0.11203025292538152	0	two.sided	pearson	FALSE	-0.049113055958869375	0.26748924007807906	150	0.28013354833410437
universal_gene9	2	0.43753890820125313	0.6623583931940688	0.03594223829843318	0	two.sided	pearson	FALSE	-0.1250395354127576	0.195080072500027	150	0.7588463068965777
s1c1_gene1	3	0.33174800057253445	0.7405488734722865	0.027259384149396954	0	two.sided	pearson	FALSE	-0.13358572877598512	0.18670526407198115	150	0.8137899708486666
s1c1_gene10	3	0.35965367813448446	0.7196188016767395	0.029550439634155025	0	two.sided	pearson	FALSE	-0.13133305348620677	0.18891729163232462	150	0.8062955761083916
s1c1_gene11	3	-1.5088640655740848	0.13346536552642926	-0.12308477416054027	0	two.sided	pearson	FALSE	-0.27786519988346897	0.0379248482936257	150	0.22337299669695274
s1c1_gene12	3	-1.7157354551441688	0.08830305368042154	-0.13965058552521512	0	two.sided	pearson	FALSE	-0.29334682903211173	0.021082786457406244	150	0.15094539090670347
s1c1_gene13	3	0.4766628307279403	0.6343052467249536	0.03915140252126685	0	two.sided	pearson	FALSE	-0.12187482284417257	0.1981695213237041	150	0.7418774815496533
s1c1_gene14	3	-1.3798125481302372	0.16972535205875436	-0.11269733579716475	0	two.sided	pearson	FALSE	-0.2681163991360602	0.048439050405883546	150	0.27823828206353174
s1c1_gene15	3	-0.09759371132237722	0.9223869616228415	-0.008021895534197845	0	two.sided	pearson	FALSE	-0.16806735417357554	0.15243560209729126	150	0.9364334635764888
s1c1_gene2	3	-0.6250328643520108	0.5329119778429772	-0.051309710124877304	0	two.sided	pearson	FALSE	-0.20984568110450738	0.10985515199930165	150	0.7035141621689468
s1c1_gene3	3	-0.03635657990696405	0.9710470266381918	-0.0029884791141416415	0	two.sided	pearson	FALSE	-0.16317185611039275	0.15734840728780283	150	0.9759266599378811
s1c1_gene4	3	-0.4319124666276235	0.6664336126633037	-0.03548063210633688	0	two.sided	pearson	FALSE	-0.19463542622439195	0.12549447835357275	150	0.7594685044596053
s1c1_gene5	3	-0.42233084050664804	0.6733964526152487	-0.034694481377967705	0	two.sided	pearson	FALSE	-0.19387800894241863	0.1262691252526657	150	0.763055470385551
s1c1_gene6	3	-0.47081768693482157	0.6384641109254336	-0.038672025491939245	0	two.sided	pearson	FALSE	-0.19770822773604227	0.12234776789776462	150	0.7433861350550722
s1c1_gene7	3	0.5341620181092178	0.5940308938637244	0.04386558356860131	0	two.sided	pearson	FALSE	-0.11721999517357949	0.2027021209129878	150	0.737926576228229
s1c1_gene8	3	0.8977254543173314	0.37079000339680945	0.07359248160355142	0	two.sided	pearson	FALSE	-0.08770342260607034	0.23112807330632915	150	0.5726486538946864
s1c1_gene9	3	0.3433666328810093	0.7318099311973079	0.028213327862286593	0	two.sided	pearson	FALSE	-0.13264796761542616	0.18762649882230353	150	0.8082248310027091
s2c1_gene1	3	-8.246438263061398	8.131705589680681e-14	-0.5610941910554534	0	two.sided	pearson	FALSE	-0.6618417117010269	-0.4404376127789348	150	2.780070287070318e-13
s2c1_gene10	3	-8.278050890662657	6.783617410544622e-14	-0.5625652973168782	0	two.sided	pearson	FALSE	-0.6630480229203902	-0.4421686208640449	150	2.6065645186929206e-13
s2c1_gene11	3	-8.234565318694223	8.704031019411399e-14	-0.5605403010939224	0	two.sided	pearson	FALSE	-0.6613873851460571	-0.4397860989070233	150	2.9345207877123987e-13
s2c1_gene12	3	-8.267919613282952	7.189537954770124e-14	-0.5620944145777745	0	two.sided	pearson	FALSE	-0.6626619545467474	-0.4416144491880703	150	2.662791835100046e-13
s2c1_gene13	3	-8.335699795348527	4.87129195904155e-14	-0.5652343129835681	0	two.sided	pearson	FALSE	-0.6652352916538096	-0.44531146553919093	150	2.1412272347435385e-13
s2c1_gene14	3	-8.288559234247986	6.386622413635716e-14	-0.5630531276382665	0	two.sided	pearson	FALSE	-0.6634479299489252	-0.4427428347410767	150	2.569384387372068e-13
s2c1_gene15	3	-8.310617880010936	5.626749279007159e-14	-0.5640752475630285	0	two.sided	pearson	FALSE	-0.6642856438250431	-0.44394626872209236	150	2.420107216777273e-13
s2c1_gene2	3	-8.293898928410472	6.193822022281969e-14	-0.5633007877330932	0	two.sided	pearson	FALSE	-0.6636509314862215	-0.4430343875265221	150	2.528090621339579e-13
s2c1_gene3	3	-8.299643919358415	5.992837579893779e-14	-0.5635670764335403	0	two.sided	pearson	FALSE	-0.6638691859932642	-0.44334789884123177	150	2.5233000336394857e-13
s2c1_gene4	3	-8.25687442389723	7.659587614388102e-14	-0.5615804314058391	0	two.sided	pearson	FALSE	-0.662240487874493	-0.44100965846498225	150	2.760106661005202e-13
s2c1_gene5	3	-8.249803694532282	7.976384977692457e-14	-0.561251056342256	0	two.sided	pearson	FALSE	-0.6619703665283551	-0.44062214889497986	150	2.762805257043056e-13
s2c1_gene6	3	-8.249023342313516	8.012135245424863e-14	-0.5612146889244556	0	two.sided	pearson	FALSE	-0.6619405399105303	-0.44057936540491754	150	2.762805257043056e-13
s2c1_gene7	3	-8.294579806360865	6.169656713557632e-14	-0.563332356591403	0	two.sided	pearson	FALSE	-0.663676806723568	-0.4430715531479349	150	2.528090621339579e-13
s2c1_gene8	3	-8.287557209202559	6.42346096843017e-14	-0.5630066358502825	0	two.sided	pearson	FALSE	-0.6634098200041967	-0.442688106069778	150	2.569384387372068e-13
s2c1_gene9	3	-8.276551336614304	6.842231861568917e-14	-0.5624956353511184	0	two.sided	pearson	FALSE	-0.6629909116838055	-0.44208663141456583	150	2.6065645186929206e-13
s2c2_gene1	3	8.269288976468088	7.13329456252156e-14	0.5621580919813524	0	two.sided	pearson	FALSE	0.4416893843675358	0.6627141656416304	150	2.662791835100046e-13
s2c2_gene10	3	8.22666091741444	9.107049980360606e-14	0.5601711317266754	0	two.sided	pearson	FALSE	0.43935193347497803	0.661084533991458	150	3.0356833267868686e-13
s2c2_gene11	3	8.268416658520733	7.169072264638026e-14	0.562117529068653	0	two.sided	pearson	FALSE	0.44164164998537675	0.6626809069538104	150	2.662791835100046e-13
s2c2_gene12	3	8.31362278368518	5.5304388689130415e-14	0.5642142839614084	0	two.sided	pearson	FALSE	0.4441100023058252	0.6643995764864088	150	2.404538638657844e-13
s2c2_gene13	3	8.297343776410896	6.072517133634781e-14	0.5634604825358189	0	two.sided	pearson	FALSE	0.4432223984608856	0.6637818219689339	150	2.528090621339579e-13
s2c2_gene14	3	8.301510253390845	5.928949225962914e-14	0.5636535459489018	0	two.sided	pearson	FALSE	0.4434497088548159	0.6639400541258146	150	2.522957117431027e-13
s2c2_gene15	3	8.255221186096817	7.732521760928417e-14	0.5615034426968615	0	two.sided	pearson	FALSE	0.44091907726788676	0.6621773515770438	150	2.760106661005202e-13
s2c2_gene2	3	8.262476407007473	7.417491607466295e-14	0.5618411986143096	0	two.sided	pearson	FALSE	0.4413164828201674	0.6624543251851127	150	2.7220152687949704e-13
s2c2_gene3	3	8.285361663929221	6.504917428545162e-14	0.5629047486242105	0	two.sided	pearson	FALSE	0.44256817076504607	0.6633262998511593	150	2.576204922196104e-13
s2c2_gene4	3	8.234041156129082	8.730199343444386e-14	0.5605158307971493	0	two.sided	pearson	FALSE	0.43975731861608625	0.6613673117525363	150	2.9345207877123987e-13
s2c2_gene5	3	8.249063815475335	8.01027714389739e-14	0.5612165752095502	0	two.sided	pearson	FALSE	0.44058158446182194	0.6619420869488759	150	2.762805257043056e-13
s2c2_gene6	3	8.276613693265316	6.839784479734169e-14	0.5624985323756729	0	two.sided	pearson	FALSE	0.44209004106074035	0.6629932867858696	150	2.6065645186929206e-13
s2c2_gene7	3	8.255263522230731	7.730645488777152e-14	0.5615054144066219	0	two.sided	pearson	FALSE	0.44092139705572697	0.6621789685391756	150	2.760106661005202e-13
s2c2_gene8	3	8.280958327365218	6.671388416041712e-14	0.5627003285120735	0	two.sided	pearson	FALSE	0.4423275531080014	0.66315872273192	150	2.6065645186929206e-13
s2c2_gene9	3	8.253765722707232	7.797301317339695e-14	0.5614356519621264	0	two.sided	pearson	FALSE	0.44083931999669984	0.6621217570988421	150	2.760106661005202e-13
s3c1_gene1	3	-6.503504023965803	1.134180601120237e-9	-0.4714472213039566	0	two.sided	pearson	FALSE	-0.5873328978242087	-0.3366188848319179	150	2.908155387487787e-9
s3c1_gene10	3	-6.4975345728293945	1.169728947192527e-9	-0.4711105655795463	0	two.sided	pearson	FALSE	-0.58704933936653	-0.3362350907221737	150	2.9651787345869194e-9
s3c1_gene11	3	-6.485467420429389	1.2449729175267032e-9	-0.47042939214186136	0	two.sided	pearson	FALSE	-0.5864755134269093	-0.3354586766803093	150	3.0931004162154115e-9
s3c1_gene12	3	-6.479221086002231	1.2857733289589981e-9	-0.47007646482015997	0	two.sided	pearson	FALSE	-0.5861781588146733	-0.33505647571165514	150	3.155271972905517e-9
s3c1_gene13	3	-6.4925181244693055	1.200448739750124e-9	-0.4708274965130128	0	two.sided	pearson	FALSE	-0.5868108938725	-0.3359124211164995	150	3.0011218493753097e-9
s3c1_gene14	3	-6.522845410886167	1.0261533180284553e-9	-0.47253659166784506	0	two.sided	pearson	FALSE	-0.5882502580009367	-0.33786109542709536	150	2.7004034684959353e-9
s3c1_gene15	3	-6.514319417800014	1.0724638496128886e-9	-0.47205664623144844	0	two.sided	pearson	FALSE	-0.5878461320323639	-0.3373137551282639	150	2.7875187774737266e-9
s3c1_gene2	3	-6.47236469963	1.3320749631502567e-9	-0.46968880888878345	0	two.sided	pearson	FALSE	-0.5858515079845021	-0.334614754229528	150	3.2292726379400164e-9
s3c1_gene3	3	-6.494961768896371	1.1853863535903477e-9	-0.47096540510154633	0	two.sided	pearson	FALSE	-0.5869270647887819	-0.33606961875983665	150	2.982104034189554e-9
s3c1_gene4	3	-6.483171263962898	1.2598208126951362e-9	-0.4702996820602638	0	two.sided	pearson	FALSE	-0.586366231414482	-0.3353108515173071	150	3.1106686733213238e-9
s3c1_gene5	3	-6.525351814249749	1.0129179093349839e-9	-0.4726776022999228	0	two.sided	pearson	FALSE	-0.5883689814688479	-0.33802192435854417	150	2.6832262498939973e-9
s3c1_gene6	3	-6.497283879758417	1.171245600161833e-9	-0.47109642287853926	0	two.sided	pearson	FALSE	-0.5870374266265306	-0.3362189687468861	150	2.9651787345869194e-9
s3c1_gene7	3	-6.475208080409381	1.3126775118193262e-9	-0.46984960490927796	0	two.sided	pearson	FALSE	-0.5859870042460704	-0.33479796892622127	150	3.201652467852015e-9
s3c1_gene8	3	-6.514187785953345	1.0731947293273848e-9	-0.47204923311497515	0	two.sided	pearson	FALSE	-0.587839889551073	-0.3373053017620454	150	2.7875187774737266e-9
s3c1_gene9	3	-6.505136668454748	1.1246448229725421e-9	-0.4715392607494749	0	two.sided	pearson	FALSE	-0.5874104158767663	-0.33672381939792834	150	2.9023092205743023e-9
s3c2_gene1	3	-6.372188090954601	2.2286675097470434e-9	-0.46399386439858664	0	two.sided	pearson	FALSE	-0.5810484182446608	-0.3281323818004682	150	5.065153431243281e-9
s3c2_gene10	3	-6.390331251835547	2.030948392981598e-9	-0.46502959341417804	0	two.sided	pearson	FALSE	-0.5819225543063244	-0.32931036768513033	150	4.723135797631624e-9
s3c2_gene11	3	-6.342961593298338	2.5876857431512275e-9	-0.4623214176305099	0	two.sided	pearson	FALSE	-0.5796363338592181	-0.3262311169243334	150	5.750412762558284e-9
s3c2_gene12	3	-6.4230459565799025	1.7171053491577683e-9	-0.4668923438915373	0	two.sided	pearson	FALSE	-0.5834940016914358	-0.3314300297334452	150	4.112827183611421e-9
s3c2_gene13	3	-6.367879864573395	2.2783317958591687e-9	-0.46374764288426157	0	two.sided	pearson	FALSE	-0.5808405721177042	-0.3278524040353856	150	5.14877242002072e-9
s3c2_gene14	3	-6.381097772774893	2.129313643040351e-9	-0.4645027248844058	0	two.sided	pearson	FALSE	-0.5814779207985971	-0.3287110812244771	150	4.894973892046784e-9
s3c2_gene15	3	-6.391279098744533	2.021107582841601e-9	-0.4650836502571544	0	two.sided	pearson	FALSE	-0.5819681698628931	-0.32937186081140124	150	4.723135797631624e-9
s3c2_gene2	3	-6.3779704320798345	2.163680684892149e-9	-0.4643241647952535	0	two.sided	pearson	FALSE	-0.5813272149804425	-0.328508002908845	150	4.945555851182055e-9
s3c2_gene3	3	-6.3924081622864	2.0094465510692394e-9	-0.4651480353126642	0	two.sided	pearson	FALSE	-0.5820224998625589	-0.3294451044441586	150	4.723135797631624e-9
s3c2_gene4	3	-6.430449650427542	1.652994839104596e-9	-0.4673130449680249	0	two.sided	pearson	FALSE	-0.5838487913094677	-0.33190894350530487	150	3.983120094227942e-9
s3c2_gene5	3	-6.382434162434172	2.1147920827965356e-9	-0.4645790107336301	0	two.sided	pearson	FALSE	-0.5815423040791152	-0.3287978457722743	150	4.88969267698621e-9
s3c2_gene6	3	-6.398046567645387	1.952196376055322e-9	-0.46546945594706163	0	two.sided	pearson	FALSE	-0.5822937084225746	-0.32981077296233025	150	4.6334023389901426e-9
s3c2_gene7	3	-6.358985577349669	2.3843326164719513e-9	-0.4632389811432825	0	two.sided	pearson	FALSE	-0.5804111405977038	-0.3272740818400206	150	5.328117578708271e-9
s3c2_gene8	3	-6.397506228594228	1.957612488223335e-9	-0.4654386615741552	0	two.sided	pearson	FALSE	-0.582267725848185	-0.3297757375655595	150	4.6334023389901426e-9
s3c2_gene9	3	-6.360248141220243	2.3689952367027794e-9	-0.46331121471498343	0	two.sided	pearson	FALSE	-0.5804721268870389	-0.3273562014850603	150	5.32358480157928e-9
s3c3_gene1	3	82.84128463837075	6.819770993505452e-126	0.9893883701454111	0	two.sided	pearson	FALSE	0.985367609244567	0.9923085666594426	150	7.794023992577659e-125
s3c3_gene10	3	83.25922253011845	3.288982085077267e-126	0.9894929686181403	0	two.sided	pearson	FALSE	0.9855115515818534	0.9923844910430548	150	4.111227606346584e-125
s3c3_gene11	3	83.3163248233066	2.977888509971644e-126	0.9895071402242942	0	two.sided	pearson	FALSE	0.9855310541635389	0.9923947775487454	150	3.8424367870601855e-125
s3c3_gene12	3	81.58358725387426	6.253943259445412e-125	0.9890640581809	0	two.sided	pearson	FALSE	0.984921346429338	0.9920731459469857	150	5.956136437567059e-124
s3c3_gene13	3	80.82002664545917	2.4399287829746066e-124	0.9888599003100825	0	two.sided	pearson	FALSE	0.9846404474592955	0.9919249352411531	150	2.1688255848663172e-123
s3c3_gene14	3	82.0070969821967	2.9546747164121847e-125	0.9891748968920612	0	two.sided	pearson	FALSE	0.9850738575596077	0.992153607051596	150	3.0304356065766e-124
s3c3_gene15	3	82.98917830418989	5.2665119752094e-126	0.9894255608081749	0	two.sided	pearson	FALSE	0.985418788215487	0.9923355623162791	150	6.195896441422824e-125
s3c3_gene2	3	82.17028721630388	2.2154360194455236e-125	0.9892171592595052	0	two.sided	pearson	FALSE	0.9851320111532591	0.9921842859066166	150	2.3320379152058144e-124
s3c3_gene3	3	81.54348064700804	6.715470256963607e-125	0.9890534740336079	0	two.sided	pearson	FALSE	0.9849067832598336	0.9920654624717985	150	6.246949076245215e-124
s3c3_gene4	3	81.6993282772285	5.093287938272442e-125	0.9890945168231032	0	two.sided	pearson	FALSE	0.9849632560725327	0.9920952570237145	150	4.969061403192626e-124
s3c3_gene5	3	82.71730762716338	8.472518632586718e-126	0.9893570432069991	0	two.sided	pearson	FALSE	0.9853245000491868	0.9922858270997873	150	9.413909591763021e-125
s3c3_gene6	3	82.3116110539383	1.7272557042504872e-125	0.9892535601771247	0	two.sided	pearson	FALSE	0.9851821000624756	0.9922107095641153	150	1.8673034640545806e-124
s3c3_gene7	3	81.90052272862016	3.567013269784227e-125	0.9891471631844176	0	two.sided	pearson	FALSE	0.985035696108606	0.9921334745629096	150	3.567013269784227e-124
s3c3_gene8	3	81.15035335000505	1.3519266700321647e-124	0.9889489136571616	0	two.sided	pearson	FALSE	0.9847629174337018	0.9919895565123744	150	1.2290242454837861e-123
s3c3_gene9	3	83.21188148244184	3.5715716990031404e-126	0.989481197886831	0	two.sided	pearson	FALSE	0.9854953530993322	0.992375947189396	150	4.3291778169735035e-125
universal_gene1	3	0.9410055899532456	0.3482353717633213	0.07711982116694338	0	two.sided	pearson	FALSE	-0.08418214078868098	0.2344832886563112	150	0.5420005786199553
universal_gene10	3	-0.11659910065494686	0.9073358215520408	-0.00958394685134875	0	two.sided	pearson	FALSE	-0.16958500104774638	0.15090936680731998	150	0.9258528791347356
universal_gene2	3	-0.1474040271561708	0.8830137447208584	-0.012115647075417029	0	two.sided	pearson	FALSE	-0.17204312198212282	0.14843408948880638	150	0.912675705137838
universal_gene3	3	2.5289924518175053	0.01248669010349153	0.20353063524638282	0	two.sided	pearson	FALSE	0.04472805451885396	0.3523007691110103	150	0.02200297815593221
universal_gene4	3	-0.41433232319714575	0.6792306320086254	-0.03403817175587659	0	two.sided	pearson	FALSE	-0.19324554175285383	0.1269156807049896	150	0.7674922395577689
universal_gene5	3	0.3492723908163817	0.7273812730424912	0.028698188653616213	0	two.sided	pearson	FALSE	-0.1321712215140671	0.1880946271615257	150	0.807783295453222
universal_gene6	3	0.7499310087443274	0.45448673064338796	0.0615271591592683	0	two.sided	pearson	FALSE	-0.09971762639211525	0.21962310572156635	150	0.6515938790586208
universal_gene7	3	-0.2497460544482275	0.8031300482099097	-0.020524674715485348	0	two.sided	pearson	FALSE	-0.18019348768345794	0.14019800702469865	150	0.8777377576064588
universal_gene8	3	0.6411267830202748	0.5224318784760473	0.05262726619014923	0	two.sided	pearson	FALSE	-0.10854978258882597	0.21110827860372075	150	0.7035141621689468
universal_gene9	3	1.2703497197625857	0.20595351135493875	0.1038574095680958	0	two.sided	pearson	FALSE	-0.057358816714197756	0.2597948206675744	150	0.3335279536112368
s1c1_gene1	-1	0.4696278888847775	0.6393120761473621	0.03857444345529006	0	two.sided	pearson	FALSE	-0.12244403168361259	0.19761431813746452	150	0.7433861350550722
s1c1_gene10	-1	1.4175725985865022	0.15841746386516337	0.11574064827641388	0	two.sided	pearson	FALSE	-0.04536229282852672	0.2709759039961317	150	0.2626470025340446
s1c1_gene11	-1	-0.692311649441357	0.4898264198655796	-0.056815743000741076	0	two.sided	pearson	FALSE	-0.21511853373868797	0.10439635144356414	150	0.6874756770043222
s1c1_gene12	-1	0.5111518918573499	0.610006398479723	0.041979388241256306	0	two.sided	pearson	FALSE	-0.11908329237725518	0.20088939474649314	150	0.7418774815496533
s1c1_gene13	-1	0.8661328255819942	0.3878192549892385	0.07101592356142308	0	two.sided	pearson	FALSE	-0.09027301066777128	0.22867487355185395	150	0.5949980063383437
s1c1_gene14	-1	-0.8242584105521654	0.4111191358189392	-0.06759864404547875	0	two.sided	pearson	FALSE	-0.2254181117629689	0.09367773637445806	150	0.6229077815438473
s1c1_gene15	-1	1.1194419063489673	0.2647651372708986	0.09163044750553519	0	two.sided	pearson	FALSE	-0.06965393530224771	0.24824651454427346	150	0.42571414416752956
s1c1_gene2	-1	-0.3059759263757933	0.7600529526263647	-0.02514311500801924	0	two.sided	pearson	FALSE	-0.18466055633533535	0.13566507009789625	150	0.8329347426042353
s1c1_gene3	-1	-0.5381345215368614	0.5912925393147359	-0.04419117230556377	0	two.sided	pearson	FALSE	-0.20301491751466	0.11689824421265829	150	0.7368131331024746
s1c1_gene4	-1	-0.00418829080158878	0.9966638773310117	-3.442753627580583e-4	0	two.sided	pearson	FALSE	-0.16059694080709225	0.15992607464890649	150	0.9966638773310117
s1c1_gene5	-1	1.8729207075619938	0.06305169483482138	0.15216047297167565	0	two.sided	pearson	FALSE	-0.00830353896069716	0.3049848015897732	150	0.10918042395640067
s1c1_gene6	-1	0.19908555169602124	0.8424690678221518	0.016362540709132754	0	two.sided	pearson	FALSE	-0.14427732189091208	0.17616211952912306	150	0.8985638820113256
s1c1_gene7	-1	-0.34116393099544257	0.7334640341349585	-0.028032481641979058	0	two.sided	pearson	FALSE	-0.1874518750252362	0.1328257681144114	150	0.8082248310027091
s1c1_gene8	-1	0.15383234555858427	0.877951489534472	0.01264393010508851	0	two.sided	pearson	FALSE	-0.14791732626476528	0.1725558003899877	150	0.911936507613298
s1c1_gene9	-1	0.3500594573586322	0.7267917513824496	0.02876280503663554	0	two.sided	pearson	FALSE	-0.13210768093799813	0.18815700817711847	150	0.807783295453222
s2c1_gene1	-1	-0.5574771099309654	0.5780436804579288	-0.04577629923008507	0	two.sided	pearson	FALSE	-0.20453730307910112	0.11533131826713831	150	0.7242110049143846
s2c1_gene10	-1	-0.590787985345369	0.555563605705238	-0.048505311559917094	0	two.sided	pearson	FALSE	-0.20715649944215203	0.11263176164597447	150	0.7148861480382717
s2c1_gene11	-1	-0.5572868698548126	0.5781732973733954	-0.045760710701967515	0	two.sided	pearson	FALSE	-0.20452233530342034	0.11534673170704911	150	0.7242110049143846
s2c1_gene12	-1	-0.5797379290980549	0.5629728415801389	-0.047600146825342346	0	two.sided	pearson	FALSE	-0.20628801070994474	0.1135274201762703	150	0.7148861480382717
s2c1_gene13	-1	-0.6054063247481004	0.5458362771971494	-0.049702588044287614	0	two.sided	pearson	FALSE	-0.20830487996031471	0.11144665679719433	150	0.7135114734603261
s2c1_gene14	-1	-0.5901932768728211	0.5559611393821144	-0.04845659907155057	0	two.sided	pearson	FALSE	-0.20710976708107556	0.11267996921460828	150	0.7148861480382717
s2c1_gene15	-1	-0.5974506710887111	0.5511195335170076	-0.049051027484145436	0	two.sided	pearson	FALSE	-0.20767998292536688	0.11209165037713806	150	0.7148861480382717
s2c1_gene2	-1	-0.6062721557665	0.5452628234166763	-0.04977349497742827	0	two.sided	pearson	FALSE	-0.20837287738873986	0.11137645633181943	150	0.7135114734603261
s2c1_gene3	-1	-0.5841805072899209	0.5599882403898055	-0.047964074588999164	0	two.sided	pearson	FALSE	-0.20663722268911888	0.11316734592535715	150	0.7148861480382717
s2c1_gene4	-1	-0.574947640290779	0.5661997023290632	-0.047207714016787486	0	two.sided	pearson	FALSE	-0.20591140101328023	0.11391565021739329	150	0.7167084839608396
s2c1_gene5	-1	-0.5842634582480039	0.5599325862707455	-0.04797086959639215	0	two.sided	pearson	FALSE	-0.20664374254913695	0.1131606224655589	150	0.7148861480382717
s2c1_gene6	-1	-0.5821405206163436	0.561357776409712	-0.04779696502824709	0	two.sided	pearson	FALSE	-0.2064768753906683	0.11333269127279075	150	0.7148861480382717
s2c1_gene7	-1	-0.5810005821941037	0.5621237811841022	-0.04770358295903721	0	two.sided	pearson	FALSE	-0.20638726841181199	0.11342508359947599	150	0.7148861480382717
s2c1_gene8	-1	-0.5555331663978015	0.5793688039315077	-0.04561700830520021	0	two.sided	pearson	FALSE	-0.2043843517982661	0.11548881640425956	150	0.7242110049143846
s2c1_gene9	-1	-0.5663751326678387	0.5719966435499353	-0.046505377646094206	0	two.sided	pearson	FALSE	-0.2052372658595095	0.11461034208173933	150	0.7217623262459751
s2c2_gene1	-1	0.6571419443767988	0.5121102731188116	0.05393810189936308	0	two.sided	pearson	FALSE	-0.10725051954855963	0.21236391147318495	150	0.7014502992986176
s2c2_gene10	-1	0.6298018841239345	0.5297953033653242	0.05170016229695077	0	two.sided	pearson	FALSE	-0.10946836924751832	0.2102199016741023	150	0.7035141621689468
s2c2_gene11	-1	0.6463198303731978	0.519073221480977	0.0530523455486559	0	two.sided	pearson	FALSE	-0.10812851635042596	0.21151551403261118	150	0.7014502992986176
s2c2_gene12	-1	0.6493549241785496	0.5171154711005751	0.053300771256430256	0	two.sided	pearson	FALSE	-0.10788229231101208	0.2117534858851072	150	0.7014502992986176
s2c2_gene13	-1	0.637140929739322	0.5250174010982562	0.05230098285765786	0	two.sided	pearson	FALSE	-0.10887309977241065	0.2107956546261749	150	0.7035141621689468
s2c2_gene14	-1	0.6677770006317919	0.5053159285848867	0.054808424142930384	0	two.sided	pearson	FALSE	-0.10638757670327438	0.21319729321446163	150	0.7014502992986176
s2c2_gene15	-1	0.6480504780010218	0.5179564146941891	0.05319400213714147	0	two.sided	pearson	FALSE	-0.10798811761396249	0.2116512119562377	150	0.7014502992986176
s2c2_gene2	-1	0.6251785019686066	0.5328166614837302	0.051321634208205624	0	two.sided	pearson	FALSE	-0.1098433406995062	0.2098571101758785	150	0.7035141621689468
s2c2_gene3	-1	0.6597376820846161	0.510447523006554	0.054150536100707254	0	two.sided	pearson	FALSE	-0.10703990896350307	0.21256735024689202	150	0.7014502992986176
s2c2_gene4	-1	0.6263842118748105	0.5320278878011326	0.05142035089198783	0	two.sided	pearson	FALSE	-0.10974555597584758	0.2099517271079789	150	0.7035141621689468
s2c2_gene5	-1	0.658284392349904	0.5113781044610054	0.05403160031744182	0	two.sided	pearson	FALSE	-0.10715782553888951	0.21245345243619623	150	0.7014502992986176
s2c2_gene6	-1	0.6488035687891384	0.5174708288678085	0.053255642956241085	0	two.sided	pearson	FALSE	-0.10792702213228178	0.21171025799875082	150	0.7014502992986176
s2c2_gene7	-1	0.667122043999134	0.5057329659611106	0.054754829207336916	0	two.sided	pearson	FALSE	-0.10644072422848666	0.21314597975473137	150	0.7014502992986176
s2c2_gene8	-1	0.6259080486888186	0.5323393216697866	0.051381365532838195	0	two.sided	pearson	FALSE	-0.10978417365647297	0.20991436118444604	150	0.7035141621689468
s2c2_gene9	-1	0.6638854592484338	0.5077965141958726	0.05448997335675427	0	two.sided	pearson	FALSE	-0.10670335554085435	0.2128923856889205	150	0.7014502992986176
s3c1_gene1	-1	-0.78917604227714655	0.4312715463952761	-0.06473381088605001	0	two.sided	pearson	FALSE	-0.2226851260594209	0.09652914141762234	150	0.643810558089572
s3c1_gene10	-1	-0.7577410998297868	0.4498107983297397	-0.0621654648234971	0	two.sided	pearson	FALSE	-0.2202328699380841	0.0990832008140559	150	0.6472097817694096
s3c1_gene11	-1	-0.7383928609897293	0.4614450407538674	-0.06058402773274434	0	two.sided	pearson	FALSE	-0.21872191969371585	0.10065478487286399	150	0.6568612679770355
s3c1_gene12	-1	-0.7352866859293633	0.46332850128210934	-0.06033010028432947	0	two.sided	pearson	FALSE	-0.218479239466748	0.10090705529517431	150	0.6572035479178856
s3c1_gene13	-1	-0.769657115073114	0.44272998497354954	-0.0631391935762471	0	two.sided	pearson	FALSE	-0.22116282110035324	0.09811513850631341	150	0.643810558089572
s3c1_gene14	-1	-0.7671248990230685	0.4442292850818047	-0.06293228607586743	0	two.sided	pearson	FALSE	-0.22096523993628997	0.09832086748135564	150	0.643810558089572
s3c1_gene15	-1	-0.7414986978591516	0.459566112687934	-0.06083791577438179	0	two.sided	pearson	FALSE	-0.2189645427029777	0.10040253287065662	150	0.6565230181256201
s3c1_gene2	-1	-0.7635171429162534	0.4463704504154201	-0.06263748213280708	0	two.sided	pearson	FALSE	-0.22068370184319971	0.09861396844164588	150	0.6445782677478992
s3c1_gene3	-1	-0.7704118596691119	0.44228367423943116	-0.06320086222130503	0	two.sided	pearson	FALSE	-0.22122170752766995	0.09805381845370642	150	0.643810558089572
s3c1_gene4	-1	-0.7750525097600472	0.43954519292483074	-0.0635800243601541	0	two.sided	pearson	FALSE	-0.22158373821963714	0.09767677268309813	150	0.643810558089572
s3c1_gene5	-1	-0.7807408254097807	0.4362019267966085	-0.06404474795007173	0	two.sided	pearson	FALSE	-0.22202740509196628	0.09721457989186043	150	0.643810558089572
s3c1_gene6	-1	-0.8040877282892941	0.42263598125886614	-0.06595170185550654	0	two.sided	pearson	FALSE	-0.2238472698066495	0.09531728233960099	150	0.6355428289607009
s3c1_gene7	-1	-0.7694985983776483	0.4428237552971057	-0.06312624140771088	0	two.sided	pearson	FALSE	-0.22115045313021006	0.09812801730493387	150	0.643810558089572
s3c1_gene8	-1	-0.784027769571489	0.4342768180037896	-0.06431326549689222	0	two.sided	pearson	FALSE	-0.22228372623916695	0.09694749293334178	150	0.643810558089572
s3c1_gene9	-1	-0.7705492935572862	0.4422024320677991	-0.06321209158673947	0	two.sided	pearson	FALSE	-0.22123243014956348	0.0980426524323769	150	0.643810558089572
s3c2_gene1	-1	0.484930937766685	0.6284423144624827	0.03982944748610469	0	two.sided	pearson	FALSE	-0.1212057505746046	0.1988218682783063	150	0.7418774815496533
s3c2_gene10	-1	0.5063120170885828	0.6133910228072523	0.04158259426146334	0	two.sided	pearson	FALSE	-0.11947512496178755	0.20050791768328222	150	0.7418774815496533
s3c2_gene11	-1	0.490447154746606	0.6245438487076568	0.04028178689397968	0	two.sided	pearson	FALSE	-0.12075931567282476	0.19925698561875416	150	0.7418774815496533
s3c2_gene12	-1	0.49528030694012015	0.6211368223665026	0.04067809345302576	0	two.sided	pearson	FALSE	-0.12036812866296524	0.1996381519556678	150	0.7418774815496533
s3c2_gene13	-1	0.48280550048747367	0.6299472270386941	0.039655151373494464	0	two.sided	pearson	FALSE	-0.12137775416809968	0.19865419146803343	150	0.7418774815496533
s3c2_gene14	-1	0.4963472032286744	0.6203858378828031	0.040765573737121585	0	two.sided	pearson	FALSE	-0.12028177172369048	0.19972228372229536	150	0.7418774815496533
s3c2_gene15	-1	0.4886975918843765	0.6257791719113528	0.04013832235813037	0	two.sided	pearson	FALSE	-0.12090091458237218	0.19911899004304298	150	0.7418774815496533
s3c2_gene2	-1	0.49667504835687204	0.6201551491018015	0.04079245524797556	0	two.sided	pearson	FALSE	-0.120255234911989	0.1997481358081729	150	0.7418774815496533
s3c2_gene3	-1	0.49984545099828825	0.6179262404183552	0.04105240637904305	0	two.sided	pearson	FALSE	-0.11999860523608401	0.1999981207178972	150	0.7418774815496533
s3c2_gene4	-1	0.48675814795866695	0.6271498065794672	0.03997928463290065	0	two.sided	pearson	FALSE	-0.12105787650720796	0.1989660075689819	150	0.7418774815496533
s3c2_gene5	-1	0.4879800071284313	0.6262861481228582	0.04007947953342621	0	two.sided	pearson	FALSE	-0.12095899031428503	0.1990623885211954	150	0.7418774815496533
s3c2_gene6	-1	0.501539270138944	0.6167368765387509	0.04119128444283526	0	two.sided	pearson	FALSE	-0.11986149282765247	0.2001316658793178	150	0.7418774815496533
s3c2_gene7	-1	0.49530478478023593	0.6211195880282543	0.040680100526838715	0	two.sided	pearson	FALSE	-0.12036614738954596	0.19964008223019125	150	0.7418774815496533
s3c2_gene8	-1	0.5175224773254643	0.6055641379230412	0.04250164623190213	0	two.sided	pearson	FALSE	-0.11856748806515999	0.2013914192451921	150	0.7418774815496533
s3c2_gene9	-1	0.47813877860379606	0.6332569336032989	0.039272444983789775	0	two.sided	pearson	FALSE	-0.12175539288862489	0.1982859865884184	150	0.7418774815496533
s3c3_gene1	-1	0.1894778727791777	0.8499779050747902	0.015573096453225445	0	two.sided	pearson	FALSE	-0.14505044206353024	0.17539687275003477	150	0.8985638820113256
s3c3_gene10	-1	0.17708188074620357	0.8596861849999973	0.014554499122599889	0	two.sided	pearson	FALSE	-0.14604768717567945	0.1744092112954523	150	0.8985638820113256
s3c3_gene11	-1	0.15120649700612857	0.8800187298468327	0.012428137563311023	0	two.sided	pearson	FALSE	-0.14812842379983818	0.17234639247592332	150	0.911936507613298
s3c3_gene12	-1	0.19271642816510584	0.8474452549253587	0.015839205566420357	0	two.sided	pearson	FALSE	-0.14478985745221795	0.17565484685815477	150	0.8985638820113256
s3c3_gene13	-1	0.18292819702739543	0.855104708780368	0.015034905574234128	0	two.sided	pearson	FALSE	-0.14557739184895668	0.17487506737674635	150	0.8985638820113256
s3c3_gene14	-1	0.19023036736634052	0.8493892906190791	0.015634928537565148	0	two.sided	pearson	FALSE	-0.14498989561828007	0.1754568165735151	150	0.8985638820113256
s3c3_gene15	-1	0.21167553518184218	0.8326513903577493	0.01739698856824366	0	two.sided	pearson	FALSE	-0.1432639673412512	0.17716456795147792	150	0.8985638820113256
s3c3_gene2	-1	0.1881301600281701	0.8510323205359003	0.015462355159441173	0	two.sided	pearson	FALSE	-0.1451588777705402	0.1752895103705019	150	0.8985638820113256
s3c3_gene3	-1	0.15260031972091223	0.8789213173358823	0.012542682295512213	0	two.sided	pearson	FALSE	-0.14801637304366166	0.17245754998705956	150	0.911936507613298
s3c3_gene4	-1	0.19685220030304024	0.8442132695068745	0.016179033252613398	0	two.sided	pearson	FALSE	-0.14445705228770567	0.17598425404023432	150	0.8985638820113256
s3c3_gene5	-1	0.1824539510889569	0.8554761708021346	0.014995935981244227	0	two.sided	pearson	FALSE	-0.1456155439534797	0.17483728074717333	150	0.8985638820113256
s3c3_gene6	-1	0.17827194148350256	0.8587531996133272	0.014652290221895594	0	two.sided	pearson	FALSE	-0.145951960171768	0.17450404633579386	150	0.8985638820113256
s3c3_gene7	-1	0.1762035371068635	0.8603749170258442	0.014482322546782845	0	two.sided	pearson	FALSE	-0.14611833837772711	0.17433921459282634	150	0.8985638820113256
s3c3_gene8	-1	0.18127084867930868	0.8564029987985917	0.0148987181524366	0	two.sided	pearson	FALSE	-0.14571072030343016	0.1747430120163678	150	0.8985638820113256
s3c3_gene9	-1	0.20749379195119183	0.8359094733663259	0.01705340436987162	0	two.sided	pearson	FALSE	-0.14360058292072703	0.17683164889314656	150	0.8985638820113256
universal_gene1	-1	0.13373503630218095	0.8937937777534183	0.010992288106200739	0	two.sided	pearson	FALSE	-0.1495326609757982	0.17095265715395855	150	0.9184551317972133
universal_gene10	-1	-1.5034099072112572	0.13486424848533193	-0.12264655865029568	0	two.sided	pearson	FALSE	-0.27745456974323446	0.038369133025938786	150	0.22477374747555323
universal_gene2	-1	0.48056730076329307	0.631533659661653	0.03947160428359667	0	two.sided	pearson	FALSE	-0.12155887660682564	0.1984776049452219	150	0.7418774815496533
universal_gene3	-1	-0.9089249744523941	0.3648674792241765	-0.07450551499493364	0	two.sided	pearson	FALSE	-0.23199691282151672	0.08679234372453455	150	0.5656860143010489
universal_gene4	-1	-1.6006184823516834	0.11159388261276659	-0.13044582066682348	0	two.sided	pearson	FALSE	-0.2847544284854964	0.03045232501402036	150	0.18834410567555543
universal_gene5	-1	0.3470797769628861	0.7290244241465328	0.028518178120644784	0	two.sided	pearson	FALSE	-0.1323482280556387	0.187920837209646	150	0.807783295453222
universal_gene6	-1	-0.8630273640569263	0.3895187889037798	-0.0707625779663973	0	two.sided	pearson	FALSE	-0.2284335492542552	0.09052555502247368	150	0.5949980063383437
universal_gene7	-1	2.6086413248190343	0.010022773915697301	0.2096630332732529	0	two.sided	pearson	FALSE	0.05111915764742351	0.35789883036187736	150	0.01773942285964124
universal_gene8	-1	0.4994356285523012	0.6182141612698857	0.04101880423553316	0	two.sided	pearson	FALSE	-0.12003177924861454	0.19996580800567298	150	0.7418774815496533
universal_gene9	-1	0.23342688690518046	0.8157524848072385	0.019184040807302447	0	two.sided	pearson	FALSE	-0.14151256065295245	0.1788955591471396	150	0.8891035256754644
